{"Mosaics": {"_type": "images/separated", "width": 1280, "height": 1280, "format": "jpg", "count": 10, "filenames": ["media/images/Mosaics_0_3fdf212b6e4e6e1045b0.jpg", "media/images/Mosaics_0_ea0c05f28dab9d7e327c.jpg", "media/images/Mosaics_0_3f6c3e973af423d44383.jpg", "media/images/Mosaics_0_b3bb145cc051f1a413e2.jpg", "media/images/Mosaics_0_d6cd02de241399947a3a.jpg", "media/images/Mosaics_0_78f7533a4236a45534d0.jpg", "media/images/Mosaics_0_bc1b0f16a5f99ca84519.jpg", "media/images/Mosaics_0_e289ace13fb866da03ba.jpg", "media/images/Mosaics_0_bf45344e212ab1cadf92.jpg", "media/images/Mosaics_0_aef4fec24e998150f0b5.jpg"], "captions": ["train_batch4.jpg", "train_batch0.jpg", "train_batch6.jpg", "train_batch8.jpg", "train_batch1.jpg", "train_batch5.jpg", "train_batch2.jpg", "train_batch7.jpg", "train_batch3.jpg", "train_batch9.jpg"]}, "train/box_loss": 0.03776467591524124, "train/obj_loss": 0.02154843881726265, "train/cls_loss": 0.00166311243083328, "metrics/precision": 0.5459337053070324, "metrics/recall": 0.55920740821758, "metrics/mAP_0.5": 0.5224293271447682, "metrics/mAP_0.5:0.95": 0.3663688060817931, "val/box_loss": 0.06429611146450043, "val/obj_loss": 0.05543890222907066, "val/cls_loss": 0.006900581531226635, "x/lr0": 0.0010088797220727775, "x/lr1": 0.0010088797220727775, "x/lr2": 0.0010088797220727775, "_timestamp": 1704984432.9258056, "_runtime": 739.0712285041809, "_step": 100, "Bounding Box Debugger/Images": {"_type": "images/separated", "width": 672, "height": 672, "format": "png", "count": 16, "filenames": ["media/images/Bounding Box Debugger/Images_99_3855729dd7952e0351f8.png", "media/images/Bounding Box Debugger/Images_99_30602b06d44813d0cecb.png", "media/images/Bounding Box Debugger/Images_99_c6b350c324eebe192939.png", "media/images/Bounding Box Debugger/Images_99_baafbe833e261b6f9903.png", "media/images/Bounding Box Debugger/Images_99_f176931c18f442f3bb02.png", "media/images/Bounding Box Debugger/Images_99_fa619619085d9177b722.png", "media/images/Bounding Box Debugger/Images_99_38b7f52880cea7aabb20.png", "media/images/Bounding Box Debugger/Images_99_55299b91ade5eaff7f1d.png", "media/images/Bounding Box Debugger/Images_99_eef4e4a675008b7b2762.png", "media/images/Bounding Box Debugger/Images_99_582ee6ea8dcadc49ef8c.png", "media/images/Bounding Box Debugger/Images_99_42edaa52e75d320f0298.png", "media/images/Bounding Box Debugger/Images_99_6681498eb82c806c1141.png", "media/images/Bounding Box Debugger/Images_99_d2af59d18fb9a9bdd03e.png", "media/images/Bounding Box Debugger/Images_99_c7e2d4af014829efaf60.png", "media/images/Bounding Box Debugger/Images_99_4b33a14eb6315125e506.png", "media/images/Bounding Box Debugger/Images_99_9876da57850aa883b551.png"], "captions": ["A2303210003.JPG", "A2308110011.JPG", "A2308110009.JPG", "A2308110004.JPG", "A2307310025.JPG", "A2307310011.JPG", "A2307310007.JPG", "A2307310004.JPG", "A2307310002.JPG", "A2307280015.JPG", "A2307280012.JPG", "A2307170042.JPG", "A2307170041.JPG", "A2307170037.JPG", "A2307170021.JPG", "A2307170018.JPG"], "all_boxes": [{"predictions": {"_type": "boxes2D", "sha256": "30e701dfa599878ca9b68552d1895eda533b5d2514e14f06311d87923f7255a6", "size": 31547, "path": "media/metadata/boxes2D/Bounding Box Debugger/Images_99_30e701dfa599878ca9b6.boxes2D.json"}}, {"predictions": {"_type": "boxes2D", "sha256": "9925b30646d0ac97ef578b2fbfd4ebd5c6bcee7380afb1a80f230f95ba403ad9", "size": 58329, "path": "media/metadata/boxes2D/Bounding Box Debugger/Images_99_9925b30646d0ac97ef57.boxes2D.json"}}, {"predictions": {"_type": "boxes2D", "sha256": "dba2aaea654948204bf8510aac15464dcdbb4afa370ffe9025c1fd19ff730bf0", "size": 57765, "path": "media/metadata/boxes2D/Bounding Box Debugger/Images_99_dba2aaea654948204bf8.boxes2D.json"}}, {"predictions": {"_type": "boxes2D", "sha256": "98ac7c519028e5065ec0e877ecad5307b28e4504b11c159e1bf2bb7fac038680", "size": 58033, "path": "media/metadata/boxes2D/Bounding Box Debugger/Images_99_98ac7c519028e5065ec0.boxes2D.json"}}, {"predictions": {"_type": "boxes2D", "sha256": "1b45cfbb484edc822be5636fa08a0e2f5de3df6f8729e892a720f0c7ca863dbc", "size": 43909, "path": "media/metadata/boxes2D/Bounding Box Debugger/Images_99_1b45cfbb484edc822be5.boxes2D.json"}}, {"predictions": {"_type": "boxes2D", "sha256": "4c40814d6f657d8a0cf7ad8534436d8bc5dde9cf753ba5cf6b6d7602947b1798", "size": 57855, "path": "media/metadata/boxes2D/Bounding Box Debugger/Images_99_4c40814d6f657d8a0cf7.boxes2D.json"}}, {"predictions": {"_type": "boxes2D", "sha256": "2b2e4e7fa9f134761d059fcf58c7b3056a53c5e538706a4b3bde0f5de939dd31", "size": 38002, "path": "media/metadata/boxes2D/Bounding Box Debugger/Images_99_2b2e4e7fa9f134761d05.boxes2D.json"}}, {"predictions": {"_type": "boxes2D", "sha256": "5596d6183a07f30f4a95c3896f45dd4ecee201c7204e50de34ade67cb78ed012", "size": 46240, "path": "media/metadata/boxes2D/Bounding Box Debugger/Images_99_5596d6183a07f30f4a95.boxes2D.json"}}, {"predictions": {"_type": "boxes2D", "sha256": "a4e039e6b8a4c880bc8de99bad924fa5440b558a57c9884fafb0776bc398008d", "size": 57333, "path": "media/metadata/boxes2D/Bounding Box Debugger/Images_99_a4e039e6b8a4c880bc8d.boxes2D.json"}}, {"predictions": {"_type": "boxes2D", "sha256": "b47a5a6644dccda1c091c0a11fe77889a530533195b232c2285737bb1a0a84f0", "size": 58042, "path": "media/metadata/boxes2D/Bounding Box Debugger/Images_99_b47a5a6644dccda1c091.boxes2D.json"}}, {"predictions": {"_type": "boxes2D", "sha256": "848dba9aeb98e58817dad57b96d53cbec97f5b23a35c96879d5cd67a369c7755", "size": 57610, "path": "media/metadata/boxes2D/Bounding Box Debugger/Images_99_848dba9aeb98e58817da.boxes2D.json"}}, {"predictions": {"_type": "boxes2D", "sha256": "5cf0a22d65b10f76c270ec0d5ee780cf5b61e18af84d970f8c94781733dfc54d", "size": 21574, "path": "media/metadata/boxes2D/Bounding Box Debugger/Images_99_5cf0a22d65b10f76c270.boxes2D.json"}}, {"predictions": {"_type": "boxes2D", "sha256": "971a48a5b38b3afd43cdfe0fdfff40376c5ec08bfceaee3171959ad771efa984", "size": 24113, "path": "media/metadata/boxes2D/Bounding Box Debugger/Images_99_971a48a5b38b3afd43cd.boxes2D.json"}}, {"predictions": {"_type": "boxes2D", "sha256": "27ca305fe345f57a0d3ad1b6dcc89ab3218d28da5b3d2d3b426efe595ce79180", "size": 43635, "path": "media/metadata/boxes2D/Bounding Box Debugger/Images_99_27ca305fe345f57a0d3a.boxes2D.json"}}, {"predictions": {"_type": "boxes2D", "sha256": "4c6ffc81f1a5f092ba3bba1b1dbcdc2d1b82282ada786884101c79c4a6e66ad6", "size": 37383, "path": "media/metadata/boxes2D/Bounding Box Debugger/Images_99_4c6ffc81f1a5f092ba3b.boxes2D.json"}}, {"predictions": {"_type": "boxes2D", "sha256": "960ed98daeff6ea14c4e88c8b5d1a63c04a9c4bf0bf6a4feeaf88ccc9697349d", "size": 45109, "path": "media/metadata/boxes2D/Bounding Box Debugger/Images_99_960ed98daeff6ea14c4e.boxes2D.json"}}]}, "Validation": {"_type": "images/separated", "width": 1280, "height": 1280, "format": "jpg", "count": 2, "filenames": ["media/images/Validation_99_da865cc1b5974eb3ac41.jpg", "media/images/Validation_99_8bb650993e7bbf206815.jpg"], "captions": ["test_batch0_labels.jpg", "test_batch0_pred.jpg"]}, "Results": {"_type": "images/separated", "width": 2400, "height": 1200, "format": "png", "count": 6, "filenames": ["media/images/Results_100_e2328923a050ad315037.png", "media/images/Results_100_e144ceadc00f99bd04c1.png", "media/images/Results_100_895f0d5d41bb21116564.png", "media/images/Results_100_36edc0fffc676b69f53a.png", "media/images/Results_100_8586d05fe87af19ae0b2.png", "media/images/Results_100_2ff3d0ada19b22efc24a.png"], "captions": ["results.png", "confusion_matrix.png", "F1_curve.png", "PR_curve.png", "P_curve.png", "R_curve.png"]}, "_wandb": {"runtime": 738}}