{"Mosaics": {"_type": "images/separated", "width": 1280, "height": 1280, "format": "jpg", "count": 10, "filenames": ["media/images/Mosaics_0_3ad270409d49aa2612ad.jpg", "media/images/Mosaics_0_6a0ba7a294905ce6821d.jpg", "media/images/Mosaics_0_802cf7694b6952095474.jpg", "media/images/Mosaics_0_8fc7a4e758bf7b3b520b.jpg", "media/images/Mosaics_0_4c64e46fe359e7b7839a.jpg", "media/images/Mosaics_0_45976cbed4bd66f5cb13.jpg", "media/images/Mosaics_0_f9b826c09ed0d042791d.jpg", "media/images/Mosaics_0_c5dc603c19fef77ba3a2.jpg", "media/images/Mosaics_0_d6fa996aa2910cbfce63.jpg", "media/images/Mosaics_0_0cd8659546c00ed56055.jpg"], "captions": ["train_batch4.jpg", "train_batch0.jpg", "train_batch6.jpg", "train_batch8.jpg", "train_batch1.jpg", "train_batch5.jpg", "train_batch2.jpg", "train_batch7.jpg", "train_batch3.jpg", "train_batch9.jpg"]}, "train/box_loss": 0.03845357894897461, "train/obj_loss": 0.02154146507382393, "train/cls_loss": 0.001670777564868331, "metrics/precision": 0.48001439885292435, "metrics/recall": 0.4908635794743429, "metrics/mAP_0.5": 0.4384654429144532, "metrics/mAP_0.5:0.95": 0.3060526567120806, "val/box_loss": 0.06557242572307587, "val/obj_loss": 0.05219114571809769, "val/cls_loss": 0.007896853610873222, "x/lr0": 0.0010088797220727775, "x/lr1": 0.0010088797220727775, "x/lr2": 0.0010088797220727775, "_timestamp": 1704985572.1329393, "_runtime": 694.7885792255402, "_step": 100, "Bounding Box Debugger/Images": {"_type": "images/separated", "width": 672, "height": 672, "format": "png", "count": 16, "filenames": ["media/images/Bounding Box Debugger/Images_99_c567089dab9936200530.png", "media/images/Bounding Box Debugger/Images_99_9cdff7e6c54b96619d11.png", "media/images/Bounding Box Debugger/Images_99_264d70a084987893d70a.png", "media/images/Bounding Box Debugger/Images_99_521afb184c53595018e6.png", "media/images/Bounding Box Debugger/Images_99_4758c29f4e599649ede9.png", "media/images/Bounding Box Debugger/Images_99_6e7d7b0f8251d515b8a6.png", "media/images/Bounding Box Debugger/Images_99_34f25a6df9636d47b75c.png", "media/images/Bounding Box Debugger/Images_99_3e651e776a2c2eda8511.png", "media/images/Bounding Box Debugger/Images_99_5866debd9518774bf277.png", "media/images/Bounding Box Debugger/Images_99_bc4256a390b622a5160c.png", "media/images/Bounding Box Debugger/Images_99_b8280aba7b856da1bd65.png", "media/images/Bounding Box Debugger/Images_99_8b2db3612b627b2e5104.png", "media/images/Bounding Box Debugger/Images_99_bacb6f69f62abe79c8ee.png", "media/images/Bounding Box Debugger/Images_99_78de161131fbee80d7d4.png", "media/images/Bounding Box Debugger/Images_99_465a0a8a1ab52ec5dcec.png", "media/images/Bounding Box Debugger/Images_99_58e9cdb54169814a5034.png"], "captions": ["A2303220017_JPG.rf.3cb6d920c471f57e6c89eeb0c438ad8a.jpg", "A2308110017_JPG.rf.52b791ccb254882db03db499089aa9ec.jpg", "A2307310017_JPG.rf.a4348a6ee9ef8ad7e4de509903c89ea4.jpg", "A2307310010_JPG.rf.9ab4dabf46a6ec0cad6374cb9c848cca.jpg", "A2307280031_JPG.rf.d20af59f2d2637e8e9b053fbd73474b9.jpg", "A2307280015_JPG.rf.5d0ea25a21df3788f76547ecb745069e.jpg", "A2307280012_JPG.rf.cd18c269d45403776c6f07ed06980d9d.jpg", "A2307240022_JPG.rf.f262a1e71bf4f057514bfa3a823b6ba5.jpg", "A2307240021_JPG.rf.852a09d40bc73dbb946bc4440ecddef3.jpg", "A2307240019_JPG.rf.8d3a16dce7cdff2850a544d600ab9dd6.jpg", "A2307240013_JPG.rf.d86c631ce29d227a75fb4ebb3b123204.jpg", "A2307240009_JPG.rf.0d72ec407c9f72fab2607cf5be9a3b04.jpg", "A2308220012_JPG.rf.daa45e4c98da9590ca3a5d6ab9899d15.jpg", "A2307170057_JPG.rf.0d45bbb6293819b2265dcc96bf4f307f.jpg", "A2307170019_JPG.rf.891b8efb5a59460bf16f090aa3530ed6.jpg", "A2307140006_JPG.rf.91bb96967fb095c67c80e7b3b585a2e2.jpg"], "all_boxes": [{"predictions": {"_type": "boxes2D", "sha256": "1b1a638f551dd62b737770f4fdda9a23a21050d7a83da522b0a9788e211e9291", "size": 56803, "path": "media/metadata/boxes2D/Bounding Box Debugger/Images_99_1b1a638f551dd62b7377.boxes2D.json"}}, {"predictions": {"_type": "boxes2D", "sha256": "1560e988404beda6398a00efc225d7ff580e1e05e15c64824651e4a490062314", "size": 57003, "path": "media/metadata/boxes2D/Bounding Box Debugger/Images_99_1560e988404beda6398a.boxes2D.json"}}, {"predictions": {"_type": "boxes2D", "sha256": "b499171f7a582305e179d85080d3e954248aca15d52d8ff614c8c3ee13ac942f", "size": 57431, "path": "media/metadata/boxes2D/Bounding Box Debugger/Images_99_b499171f7a582305e179.boxes2D.json"}}, {"predictions": {"_type": "boxes2D", "sha256": "8dfd2784852872f988e8eb8cb4606a905dcfb46a92771f01b0b69ed7526623ef", "size": 57511, "path": "media/metadata/boxes2D/Bounding Box Debugger/Images_99_8dfd2784852872f988e8.boxes2D.json"}}, {"predictions": {"_type": "boxes2D", "sha256": "4d902e3bc968f67f7d7ecc6ff4120b16cf24a31542019003c74fb2e64881951a", "size": 44251, "path": "media/metadata/boxes2D/Bounding Box Debugger/Images_99_4d902e3bc968f67f7d7e.boxes2D.json"}}, {"predictions": {"_type": "boxes2D", "sha256": "356aa34fdf103263f55241fb8693753009d0dd01b324a875ccef40ecb8d8ff07", "size": 57192, "path": "media/metadata/boxes2D/Bounding Box Debugger/Images_99_356aa34fdf103263f552.boxes2D.json"}}, {"predictions": {"_type": "boxes2D", "sha256": "09c499c81df213ce3bd08df0a8a1da5fd8d7776bd67d63d4356431156eebcf83", "size": 57018, "path": "media/metadata/boxes2D/Bounding Box Debugger/Images_99_09c499c81df213ce3bd0.boxes2D.json"}}, {"predictions": {"_type": "boxes2D", "sha256": "9a08633f3b5675a1146587f1f6cd8e689ada4c22645af702a031bf01caf83000", "size": 56990, "path": "media/metadata/boxes2D/Bounding Box Debugger/Images_99_9a08633f3b5675a11465.boxes2D.json"}}, {"predictions": {"_type": "boxes2D", "sha256": "c6636cd47b2b94b904152a0eb914355431f519f376aaf587fc7b3499822f8491", "size": 56926, "path": "media/metadata/boxes2D/Bounding Box Debugger/Images_99_c6636cd47b2b94b90415.boxes2D.json"}}, {"predictions": {"_type": "boxes2D", "sha256": "10f4640b9ef6f8310e002ad23dd7fa9a0a28ace9a502caa3538d4f9c5ba02161", "size": 56987, "path": "media/metadata/boxes2D/Bounding Box Debugger/Images_99_10f4640b9ef6f8310e00.boxes2D.json"}}, {"predictions": {"_type": "boxes2D", "sha256": "563b4ce921e69fcaea88f51e1fcceee5d2737c8feb2617cda5bf171960faf46f", "size": 57175, "path": "media/metadata/boxes2D/Bounding Box Debugger/Images_99_563b4ce921e69fcaea88.boxes2D.json"}}, {"predictions": {"_type": "boxes2D", "sha256": "031e55dc93f795d6a5512936d6ef70d278fe1b48215a7f9dbf16b1d53a7ce021", "size": 57661, "path": "media/metadata/boxes2D/Bounding Box Debugger/Images_99_031e55dc93f795d6a551.boxes2D.json"}}, {"predictions": {"_type": "boxes2D", "sha256": "6905b51a35baa354ef53d1c5d1ea4fb9434057804568b1a75ce2f060effa5e69", "size": 57076, "path": "media/metadata/boxes2D/Bounding Box Debugger/Images_99_6905b51a35baa354ef53.boxes2D.json"}}, {"predictions": {"_type": "boxes2D", "sha256": "f6b3c8e9ee3af9951e3dceb2cca147bf04219312200526763a5f7585011073c1", "size": 57329, "path": "media/metadata/boxes2D/Bounding Box Debugger/Images_99_f6b3c8e9ee3af9951e3d.boxes2D.json"}}, {"predictions": {"_type": "boxes2D", "sha256": "33fed52fcf62a75ae103139563f7066c38a74dc52438828f9181b31354659e15", "size": 47047, "path": "media/metadata/boxes2D/Bounding Box Debugger/Images_99_33fed52fcf62a75ae103.boxes2D.json"}}, {"predictions": {"_type": "boxes2D", "sha256": "d61412bd748eb5259c41d8180af677662d766fc7731a661a81dbe5a96af59c35", "size": 57207, "path": "media/metadata/boxes2D/Bounding Box Debugger/Images_99_d61412bd748eb5259c41.boxes2D.json"}}]}, "Validation": {"_type": "images/separated", "width": 1280, "height": 1280, "format": "jpg", "count": 2, "filenames": ["media/images/Validation_99_7b9120c857e067932287.jpg", "media/images/Validation_99_4d2763b414bc8775b8df.jpg"], "captions": ["test_batch0_labels.jpg", "test_batch0_pred.jpg"]}, "Results": {"_type": "images/separated", "width": 2400, "height": 1200, "format": "png", "count": 6,