{"Mosaics": {"_type": "images/separated", "width": 1280, "height": 1280, "format": "jpg", "count": 10, "filenames": ["media/images/Mosaics_0_1c7cc99a53ab566c7e63.jpg", "media/images/Mosaics_0_4140ac815caa3c2fb5ae.jpg", "media/images/Mosaics_0_91a808b33fd0314d2d6b.jpg", "media/images/Mosaics_0_2792244e77e3ba12c75e.jpg", "media/images/Mosaics_0_bb8f69aa2ec5083b6c35.jpg", "media/images/Mosaics_0_50723deb5996052b6b87.jpg", "media/images/Mosaics_0_31e65f346f1546894764.jpg", "media/images/Mosaics_0_2114ab6dc41395e2f64d.jpg", "media/images/Mosaics_0_9661ecfdcca11e1d7279.jpg", "media/images/Mosaics_0_40fe9292bf267a060ccd.jpg"], "captions": ["train_batch4.jpg", "train_batch0.jpg", "train_batch6.jpg", "train_batch8.jpg", "train_batch1.jpg", "train_batch5.jpg", "train_batch2.jpg", "train_batch7.jpg", "train_batch3.jpg", "train_batch9.jpg"]}, "train/box_loss": 0.03837213292717934, "train/obj_loss": 0.021364690735936165, "train/cls_loss": 0.0033046198077499866, "metrics/precision": 0.5328952144136074, "metrics/recall": 0.47053759618436736, "metrics/mAP_0.5": 0.4538138502691123, "metrics/mAP_0.5:0.95": 0.32700571249768184, "val/box_loss": 0.06832026690244675, "val/obj_loss": 0.0459137000143528, "val/cls_loss": 0.012646141462028027, "x/lr0": 0.0010088797220727775, "x/lr1": 0.0010088797220727775, "x/lr2": 0.0010088797220727775, "_timestamp": 1704962085.0447772, "_runtime": 738.1736862659454, "_step": 100, "Bounding Box Debugger/Images": {"_type": "images/separated", "width": 672, "height": 672, "format": "png", "count": 16, "filenames": ["media/images/Bounding Box Debugger/Images_99_c567089dab9936200530.png", "media/images/Bounding Box Debugger/Images_99_9cdff7e6c54b96619d11.png", "media/images/Bounding Box Debugger/Images_99_264d70a084987893d70a.png", "media/images/Bounding Box Debugger/Images_99_521afb184c53595018e6.png", "media/images/Bounding Box Debugger/Images_99_4758c29f4e599649ede9.png", "media/images/Bounding Box Debugger/Images_99_6e7d7b0f8251d515b8a6.png", "media/images/Bounding Box Debugger/Images_99_34f25a6df9636d47b75c.png", "media/images/Bounding Box Debugger/Images_99_3e651e776a2c2eda8511.png", "media/images/Bounding Box Debugger/Images_99_5866debd9518774bf277.png", "media/images/Bounding Box Debugger/Images_99_bc4256a390b622a5160c.png", "media/images/Bounding Box Debugger/Images_99_b8280aba7b856da1bd65.png", "media/images/Bounding Box Debugger/Images_99_8b2db3612b627b2e5104.png", "media/images/Bounding Box Debugger/Images_99_bacb6f69f62abe79c8ee.png", "media/images/Bounding Box Debugger/Images_99_78de161131fbee80d7d4.png", "media/images/Bounding Box Debugger/Images_99_465a0a8a1ab52ec5dcec.png", "media/images/Bounding Box Debugger/Images_99_58e9cdb54169814a5034.png"], "captions": ["A2303220017_JPG.rf.bec6dba6d1290038167b9482e02721ab.jpg", "A2308110017_JPG.rf.6e27730e76521a663b8806bfd492b320.jpg", "A2307310017_JPG.rf.2708c40db6b1e6c3903f7059faef29e5.jpg", "A2307310010_JPG.rf.46392a02cf40312e94a89e944d74f79d.jpg", "A2307280031_JPG.rf.70ac18ff85aa899a800f22e847290d56.jpg", "A2307280015_JPG.rf.e7797e1bcd1a16d3f36023298b2fc17e.jpg", "A2307280012_JPG.rf.051a1a4b8a267107944420f4ae8e6e69.jpg", "A2307240022_JPG.rf.945d7d057ff046b16009cc46463c07f3.jpg", "A2307240021_JPG.rf.de3912438371f7e98f415c911ad4450a.jpg", "A2307240019_JPG.rf.d71b7ee518fd8f9314c42d3ed49a9843.jpg", "A2307240013_JPG.rf.fd21bd5a6cd126b12de166e477dc517b.jpg", "A2307240009_JPG.rf.350a709b17c8785a4b39769765ff19aa.jpg", "A2308220012_JPG.rf.1122a549a6e6d82f16cda0823fa1a205.jpg", "A2307170057_JPG.rf.50c7f40f0d66bc5c5230bd850fd0954a.jpg", "A2307170019_JPG.rf.fdd14aa7146c5a6746cd86cc929c0c83.jpg", "A2307140006_JPG.rf.87cc9979adcbda760f72bd6451e1f116.jpg"], "all_boxes": [{"predictions": {"_type": "boxes2D", "sha256": "e6cc4ba0c2a62f8e65c65b946cb182744a042e60db383d049e376410bab6995f", "size": 58034, "path": "media/metadata/boxes2D/Bounding Box Debugger/Images_99_e6cc4ba0c2a62f8e65c6.boxes2D.json"}}, {"predictions": {"_type": "boxes2D", "sha256": "aad5b7841bcbcbc3815d795fe95bca24cf5b0882e548b1e04bbf12f4e201415b", "size": 58166, "path": "media/metadata/boxes2D/Bounding Box Debugger/Images_99_aad5b7841bcbcbc3815d.boxes2D.json"}}, {"predictions": {"_type": "boxes2D", "sha256": "587b915ee8de08e546d7e76a064217453d77b4f6390ba1709555408391e5b6af", "size": 47617, "path": "media/metadata/boxes2D/Bounding Box Debugger/Images_99_587b915ee8de08e546d7.boxes2D.json"}}, {"predictions": {"_type": "boxes2D", "sha256": "9f3b44168cbaac99196b49932b9e95794f81e96bcc152fe37ecad35ca7eaefa1", "size": 51664, "path": "media/metadata/boxes2D/Bounding Box Debugger/Images_99_9f3b44168cbaac99196b.boxes2D.json"}}, {"predictions": {"_type": "boxes2D", "sha256": "3e94bc56cbf9c3c6ecfc672e7e937b669ba49b30fa2c786a455ed6c84c539496", "size": 23620, "path": "media/metadata/boxes2D/Bounding Box Debugger/Images_99_3e94bc56cbf9c3c6ecfc.boxes2D.json"}}, {"predictions": {"_type": "boxes2D", "sha256": "a4608247f58853677273ea5d53efe0ab4f5cffd0c040d8e78e667b90d0315abc", "size": 58012, "path": "media/metadata/boxes2D/Bounding Box Debugger/Images_99_a4608247f58853677273.boxes2D.json"}}, {"predictions": {"_type": "boxes2D", "sha256": "279c1c6803acb9e5548c2ba927e4729dd39ccee3fff7984e6f1fb47e718bb4e0", "size": 57524, "path": "media/metadata/boxes2D/Bounding Box Debugger/Images_99_279c1c6803acb9e5548c.boxes2D.json"}}, {"predictions": {"_type": "boxes2D", "sha256": "46a8794b5ee4f39d4fdf61005deff074540c48a5ec7cd42a870399548f44ba94", "size": 58029, "path": "media/metadata/boxes2D/Bounding Box Debugger/Images_99_46a8794b5ee4f39d4fdf.boxes2D.json"}}, {"predictions": {"_type": "boxes2D", "sha256": "7605762d98d6d200e692bd74a117dfb2d8ef1a665bbba8aca9891b0ba7122867", "size": 58026, "path": "media/metadata/boxes2D/Bounding Box Debugger/Images_99_7605762d98d6d200e692.boxes2D.json"}}, {"predictions": {"_type": "boxes2D", "sha256": "d97cadfe9b09248bcdf2e0622c46481c9aeb602b55c95d24b556ccd8c2adaad6", "size": 58129, "path": "media/metadata/boxes2D/Bounding Box Debugger/Images_99_d97cadfe9b09248bcdf2.boxes2D.json"}}, {"predictions": {"_type": "boxes2D", "sha256": "0722d0e463cb076486d6e0730120569d4650157160bc9c79f8e3a77007736c40", "size": 57636, "path": "media/metadata/boxes2D/Bounding Box Debugger/Images_99_0722d0e463cb076486d6.boxes2D.json"}}, {"predictions": {"_type": "boxes2D", "sha256": "6a27185c5adc8d204b953348b58e9f7bf0526eedf5e7c59a73d14a8b7080fe23", "size": 58763, "path": "media/metadata/boxes2D/Bounding Box Debugger/Images_99_6a27185c5adc8d204b95.boxes2D.json"}}, {"predictions": {"_type": "boxes2D", "sha256": "44981e00076fd40230a377851db2bda8826b3cb64c45b4d9ca40ef942bccd754", "size": 58457, "path": "media/metadata/boxes2D/Bounding Box Debugger/Images_99_44981e00076fd40230a3.boxes2D.json"}}, {"predictions": {"_type": "boxes2D", "sha256": "7eb06701df53a9be59494cddd63fd4170c7580f50a647e6e8cdf9ad7c543734e", "size": 58420, "path": "media/metadata/boxes2D/Bounding Box Debugger/Images_99_7eb06701df53a9be5949.boxes2D.json"}}, {"predictions": {"_type": "boxes2D", "sha256": "324d1b6ff17d22f00b4552d04358d453c99e591037153e6d0b7f4000895f939f", "size": 49023, "path": "media/metadata/boxes2D/Bounding Box Debugger/Images_99_324d1b6ff17d22f00b45.boxes2D.json"}}, {"predictions": {"_type": "boxes2D", "sha256": "0ed53e0c3710795ba59b324b3be5bb177c8331ed85992857ba72fdcc9bcb6812", "size": 57643, "path": "media/metadata/boxes2D/Bounding Box Debugger/Images_99_0ed53e0c3710795ba59b.boxes2D.json"}}]}, "Validation": {"_type": "images/separated", "width": 1280, "height": 1280, "format": "jpg", "count": 2, "filenames": ["media/images/Validation_99_7e2341156cf091a50090.jpg", "media/images/Validation_99_228cf84ddda9accc8828.jpg"], "captions": ["test_batch0_labels.jpg", "test_batch0_pred.jpg"]}, "Results": {"_type": "images/separated", "width": 2400, "height": 1200, "format": "png", "count": 6,