{"Mosaics": {"_type": "images/separated", "width": 1280, "height": 1280, "format": "jpg", "count": 10, "filenames": ["media/images/Mosaics_0_7498d4a5cb191ec80fdb.jpg", "media/images/Mosaics_0_30de13eb4453cbad9944.jpg", "media/images/Mosaics_0_4fbc28854c175fd65ab9.jpg", "media/images/Mosaics_0_887a27a1ec1aea402c2d.jpg", "media/images/Mosaics_0_872699de1e5f6a5cf639.jpg", "media/images/Mosaics_0_f99beae690e2ffccb91e.jpg", "media/images/Mosaics_0_ca3c6f294e10562b38fc.jpg", "media/images/Mosaics_0_041bd8c489e8c117ad18.jpg", "media/images/Mosaics_0_97047d2790dc422b9c59.jpg", "media/images/Mosaics_0_e843cf39cc6efc6e4f0e.jpg"], "captions": ["train_batch4.jpg", "train_batch0.jpg", "train_batch6.jpg", "train_batch8.jpg", "train_batch1.jpg", "train_batch5.jpg", "train_batch2.jpg", "train_batch7.jpg", "train_batch3.jpg", "train_batch9.jpg"]}, "train/box_loss": 0.03867127373814583, "train/obj_loss": 0.021952463313937187, "train/cls_loss": 0.003024614881724119, "metrics/precision": 0.454620655123558, "metrics/recall": 0.46520987158709237, "metrics/mAP_0.5": 0.4019347235543982, "metrics/mAP_0.5:0.95": 0.28766135795303704, "val/box_loss": 0.06897728890180588, "val/obj_loss": 0.04566803202033043, "val/cls_loss": 0.01216140016913414, "x/lr0": 0.0010088797220727775, "x/lr1": 0.0010088797220727775, "x/lr2": 0.0010088797220727775, "_timestamp": 1705000463.1280966, "_runtime": 691.8377435207367, "_step": 100, "Bounding Box Debugger/Images": {"_type": "images/separated", "width": 672, "height": 672, "format": "png", "count": 16, "filenames": ["media/images/Bounding Box Debugger/Images_99_c567089dab9936200530.png", "media/images/Bounding Box Debugger/Images_99_9cdff7e6c54b96619d11.png", "media/images/Bounding Box Debugger/Images_99_264d70a084987893d70a.png", "media/images/Bounding Box Debugger/Images_99_521afb184c53595018e6.png", "media/images/Bounding Box Debugger/Images_99_4758c29f4e599649ede9.png", "media/images/Bounding Box Debugger/Images_99_6e7d7b0f8251d515b8a6.png", "media/images/Bounding Box Debugger/Images_99_34f25a6df9636d47b75c.png", "media/images/Bounding Box Debugger/Images_99_3e651e776a2c2eda8511.png", "media/images/Bounding Box Debugger/Images_99_5866debd9518774bf277.png", "media/images/Bounding Box Debugger/Images_99_bc4256a390b622a5160c.png", "media/images/Bounding Box Debugger/Images_99_b8280aba7b856da1bd65.png", "media/images/Bounding Box Debugger/Images_99_8b2db3612b627b2e5104.png", "media/images/Bounding Box Debugger/Images_99_bacb6f69f62abe79c8ee.png", "media/images/Bounding Box Debugger/Images_99_78de161131fbee80d7d4.png", "media/images/Bounding Box Debugger/Images_99_465a0a8a1ab52ec5dcec.png", "media/images/Bounding Box Debugger/Images_99_58e9cdb54169814a5034.png"], "captions": ["A2303220017_JPG.rf.01213ae2ce0711e5248d8751dd04ccd6.jpg", "A2308110017_JPG.rf.54075341704df7d7eda3e16724881f36.jpg", "A2307310017_JPG.rf.8880ddb3e0853fe7b1c76daeb52d15bc.jpg", "A2307310010_JPG.rf.3bc52a61af7fa95128bf6290ff8add0d.jpg", "A2307280031_JPG.rf.64a3aacd07ebd72be1d287613e4406ec.jpg", "A2307280015_JPG.rf.4b2e8c1af341255c51d30a0c470bb95c.jpg", "A2307280012_JPG.rf.f8a3724abad37498943468c783b79cee.jpg", "A2307240022_JPG.rf.2c39fd7e4a71c53d022d536b7a0cd36f.jpg", "A2307240021_JPG.rf.c85fd45ab5ed00f427361dc03d663074.jpg", "A2307240019_JPG.rf.dbd03a83ddcff023c81c42e7254029e0.jpg", "A2307240013_JPG.rf.2627041db92d9984b06fa101c11746f6.jpg", "A2307240009_JPG.rf.513bbf63e29cff45ddd024753fa04298.jpg", "A2308220012_JPG.rf.7fdd6063cb37648c3beafdf7e1a84a99.jpg", "A2307170057_JPG.rf.c08a5e4e189798b4b8af3eb2c15f70fe.jpg", "A2307170019_JPG.rf.3db1a73b02c16d77b1a5f9fa96c0ab87.jpg", "A2307140006_JPG.rf.d87215ae2e0fca255087f4680fea609e.jpg"], "all_boxes": [{"predictions": {"_type": "boxes2D", "sha256": "d65147fb2afc47893f4854f5d1f1be13cf6fea69417cb6efd9c70e14ca4268a0", "size": 58127, "path": "media/metadata/boxes2D/Bounding Box Debugger/Images_99_d65147fb2afc47893f48.boxes2D.json"}}, {"predictions": {"_type": "boxes2D", "sha256": "69140d29fbe01e156875e85e37c5dc6fc2ef0bac8fd621d3bd4b29c32a0d84b3", "size": 58143, "path": "media/metadata/boxes2D/Bounding Box Debugger/Images_99_69140d29fbe01e156875.boxes2D.json"}}, {"predictions": {"_type": "boxes2D", "sha256": "0451f81345876fb860354c7d12e9a924579222c67bd8df7cab837b96ec0ef3ab", "size": 58554, "path": "media/metadata/boxes2D/Bounding Box Debugger/Images_99_0451f81345876fb86035.boxes2D.json"}}, {"predictions": {"_type": "boxes2D", "sha256": "13f542e232eeee4396c288a1df7aa42bc9360aac287af4115bf4d3dfada2baaf", "size": 58375, "path": "media/metadata/boxes2D/Bounding Box Debugger/Images_99_13f542e232eeee4396c2.boxes2D.json"}}, {"predictions": {"_type": "boxes2D", "sha256": "d001eb972171a3ff60e25faea199e3438390b298e2c651e477b5c5dd0f8daba8", "size": 40046, "path": "media/metadata/boxes2D/Bounding Box Debugger/Images_99_d001eb972171a3ff60e2.boxes2D.json"}}, {"predictions": {"_type": "boxes2D", "sha256": "190eb3b565b0c95f0747a88998803ef6d573c393f0465b93f38aa209351042f3", "size": 57880, "path": "media/metadata/boxes2D/Bounding Box Debugger/Images_99_190eb3b565b0c95f0747.boxes2D.json"}}, {"predictions": {"_type": "boxes2D", "sha256": "77479b72a3cc5e446ca3a1442161384d251249caafafa48adeda38dfea84f231", "size": 57452, "path": "media/metadata/boxes2D/Bounding Box Debugger/Images_99_77479b72a3cc5e446ca3.boxes2D.json"}}, {"predictions": {"_type": "boxes2D", "sha256": "681c9a18924abe8eb4e9344478618e92a4662c793d37b317b060ae435da100d0", "size": 57856, "path": "media/metadata/boxes2D/Bounding Box Debugger/Images_99_681c9a18924abe8eb4e9.boxes2D.json"}}, {"predictions": {"_type": "boxes2D", "sha256": "98c192ff4685a768e91c4c53ffce3105c2e3e8f2b9f54aedc82c57006f204218", "size": 57728, "path": "media/metadata/boxes2D/Bounding Box Debugger/Images_99_98c192ff4685a768e91c.boxes2D.json"}}, {"predictions": {"_type": "boxes2D", "sha256": "45f2f024465b49941fe67525f63a268201f66c674520182d803b5ee313882d26", "size": 57894, "path": "media/metadata/boxes2D/Bounding Box Debugger/Images_99_45f2f024465b49941fe6.boxes2D.json"}}, {"predictions": {"_type": "boxes2D", "sha256": "d4fe0b1f06923f65ff9c7441cf34621af63a452c35a69c97ad15ca81e72cfbd8", "size": 57455, "path": "media/metadata/boxes2D/Bounding Box Debugger/Images_99_d4fe0b1f06923f65ff9c.boxes2D.json"}}, {"predictions": {"_type": "boxes2D", "sha256": "00de6a5d7e022d453c638beb1099cdb0cf081a7937a9bfa5571e05a3f9550d74", "size": 58564, "path": "media/metadata/boxes2D/Bounding Box Debugger/Images_99_00de6a5d7e022d453c63.boxes2D.json"}}, {"predictions": {"_type": "boxes2D", "sha256": "cd53470ff117b5525dca1e342e21f02974456dff3e0fcdb1fa641174402977c3", "size": 58102, "path": "media/metadata/boxes2D/Bounding Box Debugger/Images_99_cd53470ff117b5525dca.boxes2D.json"}}, {"predictions": {"_type": "boxes2D", "sha256": "20c1deeaa200e64b7dcee8d9f9781eaa33c0526e6b4cfca9e25b18026cb2f021", "size": 58189, "path": "media/metadata/boxes2D/Bounding Box Debugger/Images_99_20c1deeaa200e64b7dce.boxes2D.json"}}, {"predictions": {"_type": "boxes2D", "sha256": "2a278c61cd1c69a610ba60cae131fa1b306014c9f480fcfedf54c2a67b426f70", "size": 58758, "path": "media/metadata/boxes2D/Bounding Box Debugger/Images_99_2a278c61cd1c69a610ba.boxes2D.json"}}, {"predictions": {"_type": "boxes2D", "sha256": "e0ba9e2b91a30f2dd6f16e070d666e2a2b78c57d7fd826b7b504830b8f7ec535", "size": 57442, "path": "media/metadata/boxes2D/Bounding Box Debugger/Images_99_e0ba9e2b91a30f2dd6f1.boxes2D.json"}}]}, "Validation": {"_type": "images/separated", "width": 1280, "height": 1280, "format": "jpg", "count": 2, "filenames": ["media/images/Validation_99_4ac971df73951b76d8ca.jpg", "media/images/Validation_99_1d6e5178eb9e34713869.jpg"], "captions": ["test_batch0_labels.jpg", "test_batch0_pred.jpg"]}, "Results": {"_type": "images/separated", "width": 2400, "height": 1200, "format": "png", "count": 6,