{"Mosaics": {"_type": "images/separated", "width": 1280, "height": 1280, "format": "jpg", "count": 10, "filenames": ["media/images/Mosaics_0_6a9e2cb9c673ddd367e0.jpg", "media/images/Mosaics_0_c23ca0d51d990e0a9051.jpg", "media/images/Mosaics_0_561e12ce8ca7f9835c04.jpg", "media/images/Mosaics_0_8da34d35ed2cff70a2b7.jpg", "media/images/Mosaics_0_d982e9710b122e6f4a0f.jpg", "media/images/Mosaics_0_1ed87b754fd502ac0837.jpg", "media/images/Mosaics_0_d05924393b27f64c15ca.jpg", "media/images/Mosaics_0_95f0196217e37c2d0af6.jpg", "media/images/Mosaics_0_723d8dbd0d8839af398f.jpg", "media/images/Mosaics_0_4109ace68fc3f2bda2fa.jpg"], "captions": ["train_batch4.jpg", "train_batch0.jpg", "train_batch6.jpg", "train_batch8.jpg", "train_batch1.jpg", "train_batch5.jpg", "train_batch2.jpg", "train_batch7.jpg", "train_batch3.jpg", "train_batch9.jpg"]}, "train/box_loss": 0.03848699852824211, "train/obj_loss": 0.021494345739483833, "train/cls_loss": 0.00044248750782571733, "metrics/precision": 0.4766474488734877, "metrics/recall": 0.5541959470501716, "metrics/mAP_0.5": 0.45902884137585487, "metrics/mAP_0.5:0.95": 0.3299891168726528, "val/box_loss": 0.0661778524518013, "val/obj_loss": 0.05031875520944595, "val/cls_loss": 0.004501450341194868, "x/lr0": 0.0010088797220727775, "x/lr1": 0.0010088797220727775, "x/lr2": 0.0010088797220727775, "_timestamp": 1704998279.5156462, "_runtime": 690.6105301380157, "_step": 100, "Bounding Box Debugger/Images": {"_type": "images/separated", "width": 672, "height": 672, "format": "png", "count": 16, "filenames": ["media/images/Bounding Box Debugger/Images_99_c567089dab9936200530.png", "media/images/Bounding Box Debugger/Images_99_9cdff7e6c54b96619d11.png", "media/images/Bounding Box Debugger/Images_99_264d70a084987893d70a.png", "media/images/Bounding Box Debugger/Images_99_521afb184c53595018e6.png", "media/images/Bounding Box Debugger/Images_99_4758c29f4e599649ede9.png", "media/images/Bounding Box Debugger/Images_99_6e7d7b0f8251d515b8a6.png", "media/images/Bounding Box Debugger/Images_99_34f25a6df9636d47b75c.png", "media/images/Bounding Box Debugger/Images_99_3e651e776a2c2eda8511.png", "media/images/Bounding Box Debugger/Images_99_5866debd9518774bf277.png", "media/images/Bounding Box Debugger/Images_99_bc4256a390b622a5160c.png", "media/images/Bounding Box Debugger/Images_99_b8280aba7b856da1bd65.png", "media/images/Bounding Box Debugger/Images_99_8b2db3612b627b2e5104.png", "media/images/Bounding Box Debugger/Images_99_bacb6f69f62abe79c8ee.png", "media/images/Bounding Box Debugger/Images_99_78de161131fbee80d7d4.png", "media/images/Bounding Box Debugger/Images_99_465a0a8a1ab52ec5dcec.png", "media/images/Bounding Box Debugger/Images_99_58e9cdb54169814a5034.png"], "captions": ["A2303220017_JPG.rf.a20cb2914a15333cf0ea3e875242bc56.jpg", "A2308110017_JPG.rf.007564628fee1ef537d6f42ec1355865.jpg", "A2307310017_JPG.rf.e87f0c061a3453b5d39e82f1eb586677.jpg", "A2307310010_JPG.rf.6db4e56fce8efbb7443013f173f1e669.jpg", "A2307280031_JPG.rf.d643a19d0cdbd625cc1c64da30cc55c8.jpg", "A2307280015_JPG.rf.2b67fea0652bd55b7ec090d99c937ecc.jpg", "A2307280012_JPG.rf.8d4dd2f606994729a5e926f37baea41a.jpg", "A2307240022_JPG.rf.54e9443ab296eadd5be62673e02fe7c0.jpg", "A2307240021_JPG.rf.6469d6bf1400a53664d73f7ac4d46344.jpg", "A2307240019_JPG.rf.69ddac22014cb2284eeed15440fc5172.jpg", "A2307240013_JPG.rf.308645b2795f598e948c178cd481c907.jpg", "A2307240009_JPG.rf.c6b3cad54e2412c6a7a3cd55163c4986.jpg", "A2308220012_JPG.rf.8309938abc7dc3b92069a4ff852ad639.jpg", "A2307170057_JPG.rf.48488082cf4ab69d05e5a252c5474ff4.jpg", "A2307170019_JPG.rf.1ecf3dad482f3ca681f30aa7e046eb9a.jpg", "A2307140006_JPG.rf.19f5a9a2b0c4f2e5eb75a4792078a976.jpg"], "all_boxes": [{"predictions": {"_type": "boxes2D", "sha256": "259e73e6dfc41e9e195cd5e3c2cb1a282dfa427f703d3bb49b95887f18e92ff6", "size": 56871, "path": "media/metadata/boxes2D/Bounding Box Debugger/Images_99_259e73e6dfc41e9e195c.boxes2D.json"}}, {"predictions": {"_type": "boxes2D", "sha256": "8194748ce81edd828c6cdb84ed21c11e509f24d79408d79cf74aa61ac6477c05", "size": 56954, "path": "media/metadata/boxes2D/Bounding Box Debugger/Images_99_8194748ce81edd828c6c.boxes2D.json"}}, {"predictions": {"_type": "boxes2D", "sha256": "7da94e066e09abfef56f77388482744bba9d019156ec12ba1b13e74f51de2d2f", "size": 51696, "path": "media/metadata/boxes2D/Bounding Box Debugger/Images_99_7da94e066e09abfef56f.boxes2D.json"}}, {"predictions": {"_type": "boxes2D", "sha256": "18f5d209665ecf584ce67540c5d84830bc0ec569317c3e4b5d438515a74e8b2f", "size": 48948, "path": "media/metadata/boxes2D/Bounding Box Debugger/Images_99_18f5d209665ecf584ce6.boxes2D.json"}}, {"predictions": {"_type": "boxes2D", "sha256": "0ab417dd6f2592eb9a4382092fa2e3dde88de87415c78c0afdb3251bd30b62c9", "size": 32489, "path": "media/metadata/boxes2D/Bounding Box Debugger/Images_99_0ab417dd6f2592eb9a43.boxes2D.json"}}, {"predictions": {"_type": "boxes2D", "sha256": "d3a31a516880cbfd0819f20619b45af162864d4adc33aabe14d55165c508c7eb", "size": 57375, "path": "media/metadata/boxes2D/Bounding Box Debugger/Images_99_d3a31a516880cbfd0819.boxes2D.json"}}, {"predictions": {"_type": "boxes2D", "sha256": "cc1ae70c719d2818393cbfe907cc7b308317ef7c34290db1c15eebf0896134ba", "size": 57095, "path": "media/metadata/boxes2D/Bounding Box Debugger/Images_99_cc1ae70c719d2818393c.boxes2D.json"}}, {"predictions": {"_type": "boxes2D", "sha256": "4c576cc91b267415277b839b799631174ed23982367d624d449fbad982befb65", "size": 57179, "path": "media/metadata/boxes2D/Bounding Box Debugger/Images_99_4c576cc91b267415277b.boxes2D.json"}}, {"predictions": {"_type": "boxes2D", "sha256": "d9ab0f9d3a3f0f0f954c359a1859b052386b3251e947a67a2b2c053d381b5e8f", "size": 57082, "path": "media/metadata/boxes2D/Bounding Box Debugger/Images_99_d9ab0f9d3a3f0f0f954c.boxes2D.json"}}, {"predictions": {"_type": "boxes2D", "sha256": "e9fd482fef90a66862b3431af9d7f948cc6679be2204e90bf330a43572e3c20e", "size": 57109, "path": "media/metadata/boxes2D/Bounding Box Debugger/Images_99_e9fd482fef90a66862b3.boxes2D.json"}}, {"predictions": {"_type": "boxes2D", "sha256": "2b407168928f7e1b4b8d0f1e0091912c5bd67eee9b9363fe75e62b5cd7df86ad", "size": 57430, "path": "media/metadata/boxes2D/Bounding Box Debugger/Images_99_2b407168928f7e1b4b8d.boxes2D.json"}}, {"predictions": {"_type": "boxes2D", "sha256": "ad6af2083dd883dad517158b417ae7507ff64d2a66b3feccc68afbba108d4733", "size": 57683, "path": "media/metadata/boxes2D/Bounding Box Debugger/Images_99_ad6af2083dd883dad517.boxes2D.json"}}, {"predictions": {"_type": "boxes2D", "sha256": "8ae3d24b6ed7eaf586f1d966e464a89fbf950a89c14fd5c3867bda8b7657c3a6", "size": 50371, "path": "media/metadata/boxes2D/Bounding Box Debugger/Images_99_8ae3d24b6ed7eaf586f1.boxes2D.json"}}, {"predictions": {"_type": "boxes2D", "sha256": "ac429a609f4485b3e5e6b4faac12cb5cde1f874a866e2b9f84e0be855a4dc32b", "size": 57276, "path": "media/metadata/boxes2D/Bounding Box Debugger/Images_99_ac429a609f4485b3e5e6.boxes2D.json"}}, {"predictions": {"_type": "boxes2D", "sha256": "d66f7918a674575097cec93efa86c24dbbfb8cace314eb4f1f4e0660569ae1d2", "size": 33774, "path": "media/metadata/boxes2D/Bounding Box Debugger/Images_99_d66f7918a674575097ce.boxes2D.json"}}, {"predictions": {"_type": "boxes2D", "sha256": "cc4bb6a33c6edabac731fe5afd5130573846e2c5f66d33be2b70d3305f01e488", "size": 57681, "path": "media/metadata/boxes2D/Bounding Box Debugger/Images_99_cc4bb6a33c6edabac731.boxes2D.json"}}]}, "Validation": {"_type": "images/separated", "width": 1280, "height": 1280, "format": "jpg", "count": 2, "filenames": ["media/images/Validation_99_10bc1142cb349dc2bdd4.jpg", "media/images/Validation_99_a4493d8cc6a453a1fbf3.jpg"], "captions": ["test_batch0_labels.jpg", "test_batch0_pred.jpg"]}, "Results": {"_type": "images/separated", "width": 2400, "height": 1200, "format": "png", "count": 6,