{"Mosaics": {"_type": "images/separated", "width": 1280, "height": 1280, "format": "jpg", "count": 10, "filenames": ["media/images/Mosaics_0_a56916b42e613ecd9900.jpg", "media/images/Mosaics_0_499be81389c9d70b151a.jpg", "media/images/Mosaics_0_3a805e5168ee40e11264.jpg", "media/images/Mosaics_0_b00b109d21985bff3f3b.jpg", "media/images/Mosaics_0_3dacd5e82f6597bf56a1.jpg", "media/images/Mosaics_0_58dd5dd0251ae6d670c8.jpg", "media/images/Mosaics_0_0347715c6b093555b1e9.jpg", "media/images/Mosaics_0_066ef5915653db51f776.jpg", "media/images/Mosaics_0_21e3d8d86cbe8ef6e9d2.jpg", "media/images/Mosaics_0_eb98d479b76fd4d36cd2.jpg"], "captions": ["train_batch4.jpg", "train_batch0.jpg", "train_batch6.jpg", "train_batch8.jpg", "train_batch1.jpg", "train_batch5.jpg", "train_batch2.jpg", "train_batch7.jpg", "train_batch3.jpg", "train_batch9.jpg"]}, "train/box_loss": 0.038503702729940414, "train/obj_loss": 0.021653838455677032, "train/cls_loss": 0.001652890699915588, "metrics/precision": 0.324081026323217, "metrics/recall": 0.4550677170345816, "metrics/mAP_0.5": 0.3313899877593688, "metrics/mAP_0.5:0.95": 0.21936374256068863, "val/box_loss": 0.06685905903577805, "val/obj_loss": 0.05066746845841408, "val/cls_loss": 0.005910149775445461, "x/lr0": 0.0010088797220727775, "x/lr1": 0.0010088797220727775, "x/lr2": 0.0010088797220727775, "_timestamp": 1704999259.2107978, "_runtime": 688.3241758346558, "_step": 100, "Bounding Box Debugger/Images": {"_type": "images/separated", "width": 672, "height": 672, "format": "png", "count": 16, "filenames": ["media/images/Bounding Box Debugger/Images_99_c567089dab9936200530.png", "media/images/Bounding Box Debugger/Images_99_9cdff7e6c54b96619d11.png", "media/images/Bounding Box Debugger/Images_99_264d70a084987893d70a.png", "media/images/Bounding Box Debugger/Images_99_521afb184c53595018e6.png", "media/images/Bounding Box Debugger/Images_99_4758c29f4e599649ede9.png", "media/images/Bounding Box Debugger/Images_99_6e7d7b0f8251d515b8a6.png", "media/images/Bounding Box Debugger/Images_99_34f25a6df9636d47b75c.png", "media/images/Bounding Box Debugger/Images_99_3e651e776a2c2eda8511.png", "media/images/Bounding Box Debugger/Images_99_5866debd9518774bf277.png", "media/images/Bounding Box Debugger/Images_99_bc4256a390b622a5160c.png", "media/images/Bounding Box Debugger/Images_99_b8280aba7b856da1bd65.png", "media/images/Bounding Box Debugger/Images_99_8b2db3612b627b2e5104.png", "media/images/Bounding Box Debugger/Images_99_bacb6f69f62abe79c8ee.png", "media/images/Bounding Box Debugger/Images_99_78de161131fbee80d7d4.png", "media/images/Bounding Box Debugger/Images_99_465a0a8a1ab52ec5dcec.png", "media/images/Bounding Box Debugger/Images_99_58e9cdb54169814a5034.png"], "captions": ["A2303220017_JPG.rf.c4288dfc8a99dc82df51a9586d32b682.jpg", "A2308110017_JPG.rf.715f310242c9937d38620c80a3a5ec9c.jpg", "A2307310017_JPG.rf.e9b1eecdfe7f8df5096b4526030ea874.jpg", "A2307310010_JPG.rf.9e32a3c865f70b747b96fe3f78847a44.jpg", "A2307280031_JPG.rf.45b53460179bbb69967e0b9d1dd86bfb.jpg", "A2307280015_JPG.rf.7ee3998e5d810eea850a5e49ddef0f91.jpg", "A2307280012_JPG.rf.5cef6cf97efdc094e4f2e8338e4daa60.jpg", "A2307240022_JPG.rf.7a0ca093931ed166526370fa320e4522.jpg", "A2307240021_JPG.rf.e687f98317811c2455bf7257fe44c6fb.jpg", "A2307240019_JPG.rf.e31c5b23ba3f7ea6020fcfc5cf820953.jpg", "A2307240013_JPG.rf.998ca047970afecc58ccff7b81c309b9.jpg", "A2307240009_JPG.rf.b8300213c98120c075e445fccaf8ef4c.jpg", "A2308220012_JPG.rf.1b930b275807a55f5a2b8a837d8f66b0.jpg", "A2307170057_JPG.rf.7f71da0d3dd14fc485620a14a96373e2.jpg", "A2307170019_JPG.rf.b05a47d1e5e22957475ee88b853ccc77.jpg", "A2307140006_JPG.rf.0fa4952099e67a28a046eed45ca825da.jpg"], "all_boxes": [{"predictions": {"_type": "boxes2D", "sha256": "24d38ed1f6102f14050e41523644caf09ab9bb17d9cac0145522c8969810bdc8", "size": 57162, "path": "media/metadata/boxes2D/Bounding Box Debugger/Images_99_24d38ed1f6102f14050e.boxes2D.json"}}, {"predictions": {"_type": "boxes2D", "sha256": "85dd8d8ce6ec4925c8c2acd66cbede0778999f8274f49e66126ed72f95ce91b9", "size": 57604, "path": "media/metadata/boxes2D/Bounding Box Debugger/Images_99_85dd8d8ce6ec4925c8c2.boxes2D.json"}}, {"predictions": {"_type": "boxes2D", "sha256": "2cd54a5229849cac976f6600dde645956848ad73eed11457068cd04dbd60995b", "size": 57712, "path": "media/metadata/boxes2D/Bounding Box Debugger/Images_99_2cd54a5229849cac976f.boxes2D.json"}}, {"predictions": {"_type": "boxes2D", "sha256": "5581ac0f484a5c7af7cd771653aaff4601b72f0113d26b17c60193d32654ae18", "size": 57963, "path": "media/metadata/boxes2D/Bounding Box Debugger/Images_99_5581ac0f484a5c7af7cd.boxes2D.json"}}, {"predictions": {"_type": "boxes2D", "sha256": "97082bff44bbc4463a99c6abd0c133ba6d5243cd76d355297e8af89d53e38857", "size": 44508, "path": "media/metadata/boxes2D/Bounding Box Debugger/Images_99_97082bff44bbc4463a99.boxes2D.json"}}, {"predictions": {"_type": "boxes2D", "sha256": "a135d7cdb0108be3fb4c31e308160cca4a187505152906d3a3cef22e74c2be92", "size": 57408, "path": "media/metadata/boxes2D/Bounding Box Debugger/Images_99_a135d7cdb0108be3fb4c.boxes2D.json"}}, {"predictions": {"_type": "boxes2D", "sha256": "d0fae91c73e85d56368c1d4ccd9004f2eeb6271ad922ca9dde2283e47f676561", "size": 57153, "path": "media/metadata/boxes2D/Bounding Box Debugger/Images_99_d0fae91c73e85d56368c.boxes2D.json"}}, {"predictions": {"_type": "boxes2D", "sha256": "a6afcde8278523aa3498d546a91d615251f4e3b377b9e86c330bc6bdcf274572", "size": 57397, "path": "media/metadata/boxes2D/Bounding Box Debugger/Images_99_a6afcde8278523aa3498.boxes2D.json"}}, {"predictions": {"_type": "boxes2D", "sha256": "2a9abf8a7794e04391e2d5edf5c9162d80059a0bb334f37e5fe41ff16eecfd12", "size": 57119, "path": "media/metadata/boxes2D/Bounding Box Debugger/Images_99_2a9abf8a7794e04391e2.boxes2D.json"}}, {"predictions": {"_type": "boxes2D", "sha256": "64913d6660ba31c90b0fb528496e06c91af5996b2a42e6f7273ef752e85d77a3", "size": 57390, "path": "media/metadata/boxes2D/Bounding Box Debugger/Images_99_64913d6660ba31c90b0f.boxes2D.json"}}, {"predictions": {"_type": "boxes2D", "sha256": "38b64fb84f8ea2238451a4813b4215a5a7a0982c587e13e7d15bcd2b0143df5a", "size": 57361, "path": "media/metadata/boxes2D/Bounding Box Debugger/Images_99_38b64fb84f8ea2238451.boxes2D.json"}}, {"predictions": {"_type": "boxes2D", "sha256": "c90c04aee68098a693613f6ef67340ddcb158cb72e2377508b7f3cfa5a729504", "size": 58092, "path": "media/metadata/boxes2D/Bounding Box Debugger/Images_99_c90c04aee68098a69361.boxes2D.json"}}, {"predictions": {"_type": "boxes2D", "sha256": "ca2afcca0401d04ad0935df04893c16571e9be76b33627678c834c6f358de21d", "size": 45947, "path": "media/metadata/boxes2D/Bounding Box Debugger/Images_99_ca2afcca0401d04ad093.boxes2D.json"}}, {"predictions": {"_type": "boxes2D", "sha256": "08c90a29a535d5f5e8e0b20df3c7468c9a0c34e33b139afc94ba1f399854023e", "size": 57627, "path": "media/metadata/boxes2D/Bounding Box Debugger/Images_99_08c90a29a535d5f5e8e0.boxes2D.json"}}, {"predictions": {"_type": "boxes2D", "sha256": "84f2966334639d42de5d64fad3f35b300b1a694cfea80a1bc121a4a45d28923f", "size": 43169, "path": "media/metadata/boxes2D/Bounding Box Debugger/Images_99_84f2966334639d42de5d.boxes2D.json"}}, {"predictions": {"_type": "boxes2D", "sha256": "1b51c7f37946e7dd596dbc8837d2de7d3af41d5964d491650ba7a00371496a12", "size": 57295, "path": "media/metadata/boxes2D/Bounding Box Debugger/Images_99_1b51c7f37946e7dd596d.boxes2D.json"}}]}, "Validation": {"_type": "images/separated", "width": 1280, "height": 1280, "format": "jpg", "count": 2, "filenames": ["media/images/Validation_99_5aa2aa9d9b2d78d121d3.jpg", "media/images/Validation_99_2e197242887660cc3f6b.jpg"], "captions": ["test_batch0_labels.jpg", "test_batch0_pred.jpg"]}, "Results": {"_type": "images/separated", "width": 2400, "height": 1200, "format": "png", "count": 6,