{"Mosaics": {"_type": "images/separated", "width": 1280, "height": 1280, "format": "jpg", "count": 10, "filenames": ["media/images/Mosaics_0_210193f3bba2d1e46ac4.jpg", "media/images/Mosaics_0_7b63fdb5d0b465c789aa.jpg", "media/images/Mosaics_0_95ab994038ca597ba2be.jpg", "media/images/Mosaics_0_c9afa75956fdd2d16de3.jpg", "media/images/Mosaics_0_81ff1003617a5b503193.jpg", "media/images/Mosaics_0_c543e3d81cd21026a1fe.jpg", "media/images/Mosaics_0_e751b9b5278fbee3a14e.jpg", "media/images/Mosaics_0_305bb2ddc1fc3baa94de.jpg", "media/images/Mosaics_0_db7c7a82e73847443fb4.jpg", "media/images/Mosaics_0_448d68529f036b2ace44.jpg"], "captions": ["train_batch4.jpg", "train_batch0.jpg", "train_batch6.jpg", "train_batch8.jpg", "train_batch1.jpg", "train_batch5.jpg", "train_batch2.jpg", "train_batch7.jpg", "train_batch3.jpg", "train_batch9.jpg"]}, "train/box_loss": 0.038357727229595184, "train/obj_loss": 0.021376891061663628, "train/cls_loss": 0.0014041861286386847, "metrics/precision": 0.4835145079649621, "metrics/recall": 0.5345581343826957, "metrics/mAP_0.5": 0.4612168649449639, "metrics/mAP_0.5:0.95": 0.32917007389905795, "val/box_loss": 0.06536763906478882, "val/obj_loss": 0.050330594182014465, "val/cls_loss": 0.008038757368922234, "x/lr0": 0.0010088797220727775, "x/lr1": 0.0010088797220727775, "x/lr2": 0.0010088797220727775, "_timestamp": 1704997205.8677595, "_runtime": 694.326646566391, "_step": 100, "Bounding Box Debugger/Images": {"_type": "images/separated", "width": 672, "height": 672, "format": "png", "count": 16, "filenames": ["media/images/Bounding Box Debugger/Images_99_c567089dab9936200530.png", "media/images/Bounding Box Debugger/Images_99_9cdff7e6c54b96619d11.png", "media/images/Bounding Box Debugger/Images_99_264d70a084987893d70a.png", "media/images/Bounding Box Debugger/Images_99_521afb184c53595018e6.png", "media/images/Bounding Box Debugger/Images_99_4758c29f4e599649ede9.png", "media/images/Bounding Box Debugger/Images_99_6e7d7b0f8251d515b8a6.png", "media/images/Bounding Box Debugger/Images_99_34f25a6df9636d47b75c.png", "media/images/Bounding Box Debugger/Images_99_3e651e776a2c2eda8511.png", "media/images/Bounding Box Debugger/Images_99_5866debd9518774bf277.png", "media/images/Bounding Box Debugger/Images_99_bc4256a390b622a5160c.png", "media/images/Bounding Box Debugger/Images_99_b8280aba7b856da1bd65.png", "media/images/Bounding Box Debugger/Images_99_8b2db3612b627b2e5104.png", "media/images/Bounding Box Debugger/Images_99_bacb6f69f62abe79c8ee.png", "media/images/Bounding Box Debugger/Images_99_78de161131fbee80d7d4.png", "media/images/Bounding Box Debugger/Images_99_465a0a8a1ab52ec5dcec.png", "media/images/Bounding Box Debugger/Images_99_58e9cdb54169814a5034.png"], "captions": ["A2303220017_JPG.rf.5b998c79e2a64edaaf01d59ce8b046ce.jpg", "A2308110017_JPG.rf.e234a3d625d77ebc5236718fcb16b214.jpg", "A2307310017_JPG.rf.f249c3240254a3658e1342d6e1a90fa6.jpg", "A2307310010_JPG.rf.bf9aa9a50f50d295d7e4a4b6ca8e8c1b.jpg", "A2307280031_JPG.rf.6dedfc30163a11af8f769e358bdddef5.jpg", "A2307280015_JPG.rf.f26e8cc578ed9e2f4fb4a182f6bed110.jpg", "A2307280012_JPG.rf.2b1c0d037142a1c75ac8f8770cf21acc.jpg", "A2307240022_JPG.rf.c70655ba3b679c698b3f1cc7d0c7f771.jpg", "A2307240021_JPG.rf.bc8509a402d1fa21ba07de3caef7ad78.jpg", "A2307240019_JPG.rf.c913cb47f633c2b06d4d5c24bc88db99.jpg", "A2307240013_JPG.rf.c068f14bf9a212c54c5a80c38f5b8fee.jpg", "A2307240009_JPG.rf.63009565d32a6d35e21aadb074dca12a.jpg", "A2308220012_JPG.rf.bcefa743ffcc1427b8ea942c6d2e4417.jpg", "A2307170057_JPG.rf.bb4b1caba0301f2e706f88b04152b38e.jpg", "A2307170019_JPG.rf.eb4c56c1600f345538e28b6ced66b2d2.jpg", "A2307140006_JPG.rf.251e420adda8aac0a71b42cdb171c975.jpg"], "all_boxes": [{"predictions": {"_type": "boxes2D", "sha256": "4d455ac9711732496a43e3bd045dce0c068dd5ef1edaa1128d4682ad0a88ecee", "size": 57421, "path": "media/metadata/boxes2D/Bounding Box Debugger/Images_99_4d455ac9711732496a43.boxes2D.json"}}, {"predictions": {"_type": "boxes2D", "sha256": "c359bbf7013a8c9575c84f00d65981846aed21aa36bbbf10d40bf18fbac2cee2", "size": 57796, "path": "media/metadata/boxes2D/Bounding Box Debugger/Images_99_c359bbf7013a8c9575c8.boxes2D.json"}}, {"predictions": {"_type": "boxes2D", "sha256": "b2e19aa39baaf31ff733abbde0bf1c50df93f6c4f7503f550e5e4dc8263f2c0d", "size": 57742, "path": "media/metadata/boxes2D/Bounding Box Debugger/Images_99_b2e19aa39baaf31ff733.boxes2D.json"}}, {"predictions": {"_type": "boxes2D", "sha256": "33262e19d0d8eba3ae08cdae95cfd8ce3ac602dada9cbbd1dd963e18d649c655", "size": 57913, "path": "media/metadata/boxes2D/Bounding Box Debugger/Images_99_33262e19d0d8eba3ae08.boxes2D.json"}}, {"predictions": {"_type": "boxes2D", "sha256": "1eeff2e0ec0b742fb3e8478b762eff4b75b1efc76b80c908d5049273c57b0801", "size": 30163, "path": "media/metadata/boxes2D/Bounding Box Debugger/Images_99_1eeff2e0ec0b742fb3e8.boxes2D.json"}}, {"predictions": {"_type": "boxes2D", "sha256": "94df080dd5ffd7024deea178bfb91c5bb8228185327e0045f3f59dd70ab29ba6", "size": 57589, "path": "media/metadata/boxes2D/Bounding Box Debugger/Images_99_94df080dd5ffd7024dee.boxes2D.json"}}, {"predictions": {"_type": "boxes2D", "sha256": "77fa2aeb0b583f638076851d6af7d4c6a7016d6d618dd00d951e9bca696b993e", "size": 57293, "path": "media/metadata/boxes2D/Bounding Box Debugger/Images_99_77fa2aeb0b583f638076.boxes2D.json"}}, {"predictions": {"_type": "boxes2D", "sha256": "5d3980b5e1153358e916c896f0484e8f47cfbf20aed5f53620af7bb92f55c9ea", "size": 57610, "path": "media/metadata/boxes2D/Bounding Box Debugger/Images_99_5d3980b5e1153358e916.boxes2D.json"}}, {"predictions": {"_type": "boxes2D", "sha256": "36549b4569a3b6ce1faa0234eb44d318e45aed2b3078db0c761e0fb4095c7936", "size": 57542, "path": "media/metadata/boxes2D/Bounding Box Debugger/Images_99_36549b4569a3b6ce1faa.boxes2D.json"}}, {"predictions": {"_type": "boxes2D", "sha256": "4fbf967f68e4d8a68990bb730a23d1161d7408d2fa31e5b01e2f3fd1291f2ba8", "size": 57670, "path": "media/metadata/boxes2D/Bounding Box Debugger/Images_99_4fbf967f68e4d8a68990.boxes2D.json"}}, {"predictions": {"_type": "boxes2D", "sha256": "96940d79f93939a95c6416f03887832e7383eb120517146d0dccca1ba1323cef", "size": 57344, "path": "media/metadata/boxes2D/Bounding Box Debugger/Images_99_96940d79f93939a95c64.boxes2D.json"}}, {"predictions": {"_type": "boxes2D", "sha256": "a228119423b966e11298afcfaec4800bd6984592ea09c6fd827179803ba6a25a", "size": 57935, "path": "media/metadata/boxes2D/Bounding Box Debugger/Images_99_a228119423b966e11298.boxes2D.json"}}, {"predictions": {"_type": "boxes2D", "sha256": "c6f02d7d964e691472f8fb4e4e42dd2e4632c6479c215986cfdd32dbc5be1732", "size": 57391, "path": "media/metadata/boxes2D/Bounding Box Debugger/Images_99_c6f02d7d964e691472f8.boxes2D.json"}}, {"predictions": {"_type": "boxes2D", "sha256": "5965982d9f2cc2e9e5587de0920c1785bf7776cd00e68072653dc99fc289a9f2", "size": 57554, "path": "media/metadata/boxes2D/Bounding Box Debugger/Images_99_5965982d9f2cc2e9e558.boxes2D.json"}}, {"predictions": {"_type": "boxes2D", "sha256": "3f728877386c0084886174d1fa5f490c1f4de846f4cabb7c087ce804786dcf50", "size": 47198, "path": "media/metadata/boxes2D/Bounding Box Debugger/Images_99_3f728877386c00848861.boxes2D.json"}}, {"predictions": {"_type": "boxes2D", "sha256": "4d075206f3e9c6505d82c626450d161e5da64168aa9805b4be3c9deb20aefd51", "size": 57382, "path": "media/metadata/boxes2D/Bounding Box Debugger/Images_99_4d075206f3e9c6505d82.boxes2D.json"}}]}, "Validation": {"_type": "images/separated", "width": 1280, "height": 1280, "format": "jpg", "count": 2, "filenames": ["media/images/Validation_99_1f8aa24922fbed116567.jpg", "media/images/Validation_99_1806b09433e086d2bcee.jpg"], "captions": ["test_batch0_labels.jpg", "test_batch0_pred.jpg"]}, "Results": {"_type": "images/separated", "width": 2400, "height": 1200, "format": "png", "count": 6,