{"Mosaics": {"_type": "images/separated", "width": 1280, "height": 1280, "format": "jpg", "count": 10, "filenames": ["media/images/Mosaics_0_3ad270409d49aa2612ad.jpg", "media/images/Mosaics_0_6a0ba7a294905ce6821d.jpg", "media/images/Mosaics_0_802cf7694b6952095474.jpg", "media/images/Mosaics_0_8fc7a4e758bf7b3b520b.jpg", "media/images/Mosaics_0_4c64e46fe359e7b7839a.jpg", "media/images/Mosaics_0_45976cbed4bd66f5cb13.jpg", "media/images/Mosaics_0_f9b826c09ed0d042791d.jpg", "media/images/Mosaics_0_c5dc603c19fef77ba3a2.jpg", "media/images/Mosaics_0_d6fa996aa2910cbfce63.jpg", "media/images/Mosaics_0_0cd8659546c00ed56055.jpg"], "captions": ["train_batch4.jpg", "train_batch0.jpg", "train_batch6.jpg", "train_batch8.jpg", "train_batch1.jpg", "train_batch5.jpg", "train_batch2.jpg", "train_batch7.jpg", "train_batch3.jpg", "train_batch9.jpg"]}, "train/box_loss": 0.038405612111091614, "train/obj_loss": 0.021494364365935326, "train/cls_loss": 0.0017920242389664054, "metrics/precision": 0.4255810504745732, "metrics/recall": 0.49575836693066566, "metrics/mAP_0.5": 0.40668042549097716, "metrics/mAP_0.5:0.95": 0.2881886713969781, "val/box_loss": 0.06774195283651352, "val/obj_loss": 0.050941675901412964, "val/cls_loss": 0.008459311909973621, "x/lr0": 0.0010088797220727775, "x/lr1": 0.0010088797220727775, "x/lr2": 0.0010088797220727775, "_timestamp": 1704995859.5845335, "_runtime": 690.9340794086456, "_step": 100, "Bounding Box Debugger/Images": {"_type": "images/separated", "width": 672, "height": 672, "format": "png", "count": 16, "filenames": ["media/images/Bounding Box Debugger/Images_99_c567089dab9936200530.png", "media/images/Bounding Box Debugger/Images_99_9cdff7e6c54b96619d11.png", "media/images/Bounding Box Debugger/Images_99_264d70a084987893d70a.png", "media/images/Bounding Box Debugger/Images_99_521afb184c53595018e6.png", "media/images/Bounding Box Debugger/Images_99_4758c29f4e599649ede9.png", "media/images/Bounding Box Debugger/Images_99_6e7d7b0f8251d515b8a6.png", "media/images/Bounding Box Debugger/Images_99_34f25a6df9636d47b75c.png", "media/images/Bounding Box Debugger/Images_99_3e651e776a2c2eda8511.png", "media/images/Bounding Box Debugger/Images_99_5866debd9518774bf277.png", "media/images/Bounding Box Debugger/Images_99_bc4256a390b622a5160c.png", "media/images/Bounding Box Debugger/Images_99_b8280aba7b856da1bd65.png", "media/images/Bounding Box Debugger/Images_99_8b2db3612b627b2e5104.png", "media/images/Bounding Box Debugger/Images_99_bacb6f69f62abe79c8ee.png", "media/images/Bounding Box Debugger/Images_99_78de161131fbee80d7d4.png", "media/images/Bounding Box Debugger/Images_99_465a0a8a1ab52ec5dcec.png", "media/images/Bounding Box Debugger/Images_99_58e9cdb54169814a5034.png"], "captions": ["A2303220017_JPG.rf.3cb6d920c471f57e6c89eeb0c438ad8a.jpg", "A2308110017_JPG.rf.52b791ccb254882db03db499089aa9ec.jpg", "A2307310017_JPG.rf.a4348a6ee9ef8ad7e4de509903c89ea4.jpg", "A2307310010_JPG.rf.9ab4dabf46a6ec0cad6374cb9c848cca.jpg", "A2307280031_JPG.rf.d20af59f2d2637e8e9b053fbd73474b9.jpg", "A2307280015_JPG.rf.5d0ea25a21df3788f76547ecb745069e.jpg", "A2307280012_JPG.rf.cd18c269d45403776c6f07ed06980d9d.jpg", "A2307240022_JPG.rf.f262a1e71bf4f057514bfa3a823b6ba5.jpg", "A2307240021_JPG.rf.852a09d40bc73dbb946bc4440ecddef3.jpg", "A2307240019_JPG.rf.8d3a16dce7cdff2850a544d600ab9dd6.jpg", "A2307240013_JPG.rf.d86c631ce29d227a75fb4ebb3b123204.jpg", "A2307240009_JPG.rf.0d72ec407c9f72fab2607cf5be9a3b04.jpg", "A2308220012_JPG.rf.daa45e4c98da9590ca3a5d6ab9899d15.jpg", "A2307170057_JPG.rf.0d45bbb6293819b2265dcc96bf4f307f.jpg", "A2307170019_JPG.rf.891b8efb5a59460bf16f090aa3530ed6.jpg", "A2307140006_JPG.rf.91bb96967fb095c67c80e7b3b585a2e2.jpg"], "all_boxes": [{"predictions": {"_type": "boxes2D", "sha256": "d32a6cac37753138b487689ec07e249cd62372709e2726a0c817c38a18c4985f", "size": 56646, "path": "media/metadata/boxes2D/Bounding Box Debugger/Images_99_d32a6cac37753138b487.boxes2D.json"}}, {"predictions": {"_type": "boxes2D", "sha256": "b937fbdebc38b46b085635884e3f946029f35963cec385abaaf589a21412c4e4", "size": 57096, "path": "media/metadata/boxes2D/Bounding Box Debugger/Images_99_b937fbdebc38b46b0856.boxes2D.json"}}, {"predictions": {"_type": "boxes2D", "sha256": "0511fe5e9685498266023ad9e3a435ce1f82493a3bcd61497773b2d799ccca54", "size": 57206, "path": "media/metadata/boxes2D/Bounding Box Debugger/Images_99_0511fe5e968549826602.boxes2D.json"}}, {"predictions": {"_type": "boxes2D", "sha256": "74d3ce2da62d34bb112112533a033e32c52b78311834b0215f73217854932155", "size": 57441, "path": "media/metadata/boxes2D/Bounding Box Debugger/Images_99_74d3ce2da62d34bb1121.boxes2D.json"}}, {"predictions": {"_type": "boxes2D", "sha256": "94dc2f0d324d1522beee0c0bf63111bd3da102f17354dad30677ebfef0c8ef74", "size": 46079, "path": "media/metadata/boxes2D/Bounding Box Debugger/Images_99_94dc2f0d324d1522beee.boxes2D.json"}}, {"predictions": {"_type": "boxes2D", "sha256": "470bfa4b0ae96b4b1b8b493b073519ad46efcfd0ad8668a98dbf09320f57ae5b", "size": 57495, "path": "media/metadata/boxes2D/Bounding Box Debugger/Images_99_470bfa4b0ae96b4b1b8b.boxes2D.json"}}, {"predictions": {"_type": "boxes2D", "sha256": "748af69b0bcd579a348604fa3171d8eeae9d404794535b96e9c49bb81636f92e", "size": 57587, "path": "media/metadata/boxes2D/Bounding Box Debugger/Images_99_748af69b0bcd579a3486.boxes2D.json"}}, {"predictions": {"_type": "boxes2D", "sha256": "83ca5e95601bbe01d71aed419c1b5ae91a018140edc22097cab87c40cb8e3547", "size": 56867, "path": "media/metadata/boxes2D/Bounding Box Debugger/Images_99_83ca5e95601bbe01d71a.boxes2D.json"}}, {"predictions": {"_type": "boxes2D", "sha256": "3fcd27d75b88f878a6c459fecc948354482fce3dac0d49dd2b5450dfb794bb92", "size": 57067, "path": "media/metadata/boxes2D/Bounding Box Debugger/Images_99_3fcd27d75b88f878a6c4.boxes2D.json"}}, {"predictions": {"_type": "boxes2D", "sha256": "66623862eef053ff5a9bba00e3263e9eb3d9dc26c1b32c24c0e87bc461fda46f", "size": 57099, "path": "media/metadata/boxes2D/Bounding Box Debugger/Images_99_66623862eef053ff5a9b.boxes2D.json"}}, {"predictions": {"_type": "boxes2D", "sha256": "f01f0168aae880712f16613e8a6d7b2427a050a7e57ba7b92eb333efd4ebb440", "size": 57929, "path": "media/metadata/boxes2D/Bounding Box Debugger/Images_99_f01f0168aae880712f16.boxes2D.json"}}, {"predictions": {"_type": "boxes2D", "sha256": "71f0e75466811aa4d373c4f6cc0ab46573d5066bf6b180d5d70e2e0be34c7285", "size": 57199, "path": "media/metadata/boxes2D/Bounding Box Debugger/Images_99_71f0e75466811aa4d373.boxes2D.json"}}, {"predictions": {"_type": "boxes2D", "sha256": "bd90665cbaa22d429a57824cef465c970ce629ab378710da95ed08335618ccce", "size": 57110, "path": "media/metadata/boxes2D/Bounding Box Debugger/Images_99_bd90665cbaa22d429a57.boxes2D.json"}}, {"predictions": {"_type": "boxes2D", "sha256": "ad9a026b522754404974de98834c9ebcd2eaaf4f851cc0d3ca5af4a3e131bbf5", "size": 56763, "path": "media/metadata/boxes2D/Bounding Box Debugger/Images_99_ad9a026b522754404974.boxes2D.json"}}, {"predictions": {"_type": "boxes2D", "sha256": "cc9b0cc91f6b18493175b325a863ad20a5b9fe0235aa096938cdbbcb97c553d3", "size": 57144, "path": "media/metadata/boxes2D/Bounding Box Debugger/Images_99_cc9b0cc91f6b18493175.boxes2D.json"}}, {"predictions": {"_type": "boxes2D", "sha256": "690e85311a1d49b6866c06138b6fde2148fb6708df7795444e4b9bedb8b86036", "size": 57191, "path": "media/metadata/boxes2D/Bounding Box Debugger/Images_99_690e85311a1d49b6866c.boxes2D.json"}}]}, "Validation": {"_type": "images/separated", "width": 1280, "height": 1280, "format": "jpg", "count": 2, "filenames": ["media/images/Validation_99_2a7475b6eb14012765ee.jpg", "media/images/Validation_99_2ba7acfed2328e45ab56.jpg"], "captions": ["test_batch0_labels.jpg", "test_batch0_pred.jpg"]}, "Results": {"_type": "images/separated", "width": 2400, "height": 1200, "format": "png", "count": 6,