{"Mosaics": {"_type": "images/separated", "width": 1280, "height": 1280, "format": "jpg", "count": 10, "filenames": ["media/images/Mosaics_0_7498d4a5cb191ec80fdb.jpg", "media/images/Mosaics_0_30de13eb4453cbad9944.jpg", "media/images/Mosaics_0_4fbc28854c175fd65ab9.jpg", "media/images/Mosaics_0_887a27a1ec1aea402c2d.jpg", "media/images/Mosaics_0_872699de1e5f6a5cf639.jpg", "media/images/Mosaics_0_f99beae690e2ffccb91e.jpg", "media/images/Mosaics_0_ca3c6f294e10562b38fc.jpg", "media/images/Mosaics_0_041bd8c489e8c117ad18.jpg", "media/images/Mosaics_0_97047d2790dc422b9c59.jpg", "media/images/Mosaics_0_e843cf39cc6efc6e4f0e.jpg"], "captions": ["train_batch4.jpg", "train_batch0.jpg", "train_batch6.jpg", "train_batch8.jpg", "train_batch1.jpg", "train_batch5.jpg", "train_batch2.jpg", "train_batch7.jpg", "train_batch3.jpg", "train_batch9.jpg"]}, "train/box_loss": 0.038578152656555176, "train/obj_loss": 0.021900903433561325, "train/cls_loss": 0.0029803451616317034, "metrics/precision": 0.48328762073862536, "metrics/recall": 0.41131307387376437, "metrics/mAP_0.5": 0.3932294967980679, "metrics/mAP_0.5:0.95": 0.2762851700699552, "val/box_loss": 0.07062750309705734, "val/obj_loss": 0.04504583403468132, "val/cls_loss": 0.012851741164922714, "x/lr0": 0.0010088797220727775, "x/lr1": 0.0010088797220727775, "x/lr2": 0.0010088797220727775, "_timestamp": 1705007694.814251, "_runtime": 697.5014898777008, "_step": 100, "Bounding Box Debugger/Images": {"_type": "images/separated", "width": 672, "height": 672, "format": "png", "count": 16, "filenames": ["media/images/Bounding Box Debugger/Images_99_c567089dab9936200530.png", "media/images/Bounding Box Debugger/Images_99_9cdff7e6c54b96619d11.png", "media/images/Bounding Box Debugger/Images_99_264d70a084987893d70a.png", "media/images/Bounding Box Debugger/Images_99_521afb184c53595018e6.png", "media/images/Bounding Box Debugger/Images_99_4758c29f4e599649ede9.png", "media/images/Bounding Box Debugger/Images_99_6e7d7b0f8251d515b8a6.png", "media/images/Bounding Box Debugger/Images_99_34f25a6df9636d47b75c.png", "media/images/Bounding Box Debugger/Images_99_3e651e776a2c2eda8511.png", "media/images/Bounding Box Debugger/Images_99_5866debd9518774bf277.png", "media/images/Bounding Box Debugger/Images_99_bc4256a390b622a5160c.png", "media/images/Bounding Box Debugger/Images_99_b8280aba7b856da1bd65.png", "media/images/Bounding Box Debugger/Images_99_8b2db3612b627b2e5104.png", "media/images/Bounding Box Debugger/Images_99_bacb6f69f62abe79c8ee.png", "media/images/Bounding Box Debugger/Images_99_78de161131fbee80d7d4.png", "media/images/Bounding Box Debugger/Images_99_465a0a8a1ab52ec5dcec.png", "media/images/Bounding Box Debugger/Images_99_58e9cdb54169814a5034.png"], "captions": ["A2303220017_JPG.rf.01213ae2ce0711e5248d8751dd04ccd6.jpg", "A2308110017_JPG.rf.54075341704df7d7eda3e16724881f36.jpg", "A2307310017_JPG.rf.8880ddb3e0853fe7b1c76daeb52d15bc.jpg", "A2307310010_JPG.rf.3bc52a61af7fa95128bf6290ff8add0d.jpg", "A2307280031_JPG.rf.64a3aacd07ebd72be1d287613e4406ec.jpg", "A2307280015_JPG.rf.4b2e8c1af341255c51d30a0c470bb95c.jpg", "A2307280012_JPG.rf.f8a3724abad37498943468c783b79cee.jpg", "A2307240022_JPG.rf.2c39fd7e4a71c53d022d536b7a0cd36f.jpg", "A2307240021_JPG.rf.c85fd45ab5ed00f427361dc03d663074.jpg", "A2307240019_JPG.rf.dbd03a83ddcff023c81c42e7254029e0.jpg", "A2307240013_JPG.rf.2627041db92d9984b06fa101c11746f6.jpg", "A2307240009_JPG.rf.513bbf63e29cff45ddd024753fa04298.jpg", "A2308220012_JPG.rf.7fdd6063cb37648c3beafdf7e1a84a99.jpg", "A2307170057_JPG.rf.c08a5e4e189798b4b8af3eb2c15f70fe.jpg", "A2307170019_JPG.rf.3db1a73b02c16d77b1a5f9fa96c0ab87.jpg", "A2307140006_JPG.rf.d87215ae2e0fca255087f4680fea609e.jpg"], "all_boxes": [{"predictions": {"_type": "boxes2D", "sha256": "bbaf232214f855818e13203b943efa7ae41076ff871607c759050a8fc0e71b43", "size": 58156, "path": "media/metadata/boxes2D/Bounding Box Debugger/Images_99_bbaf232214f855818e13.boxes2D.json"}}, {"predictions": {"_type": "boxes2D", "sha256": "e68c947c8b57dcdfc593c0d799b569ef1f044b1ac615f065fe8d8cf6161673cf", "size": 58575, "path": "media/metadata/boxes2D/Bounding Box Debugger/Images_99_e68c947c8b57dcdfc593.boxes2D.json"}}, {"predictions": {"_type": "boxes2D", "sha256": "0c5ecaf3a0f7f2a943c8c8b599ec390bd25576c06e1526dfb5c347aad7514d0f", "size": 46930, "path": "media/metadata/boxes2D/Bounding Box Debugger/Images_99_0c5ecaf3a0f7f2a943c8.boxes2D.json"}}, {"predictions": {"_type": "boxes2D", "sha256": "047f2d0077b8902372ffbfcc87ccb68bda0a33454191d62bcfc1a241485e33a0", "size": 42349, "path": "media/metadata/boxes2D/Bounding Box Debugger/Images_99_047f2d0077b8902372ff.boxes2D.json"}}, {"predictions": {"_type": "boxes2D", "sha256": "a2ca43d344c27de5c5d467459c850a40bed18b2241e812213b81af6836717d72", "size": 38925, "path": "media/metadata/boxes2D/Bounding Box Debugger/Images_99_a2ca43d344c27de5c5d4.boxes2D.json"}}, {"predictions": {"_type": "boxes2D", "sha256": "6e4873f3634eadee94e26679faa205b3ca83a56176d510e1aa1be6152ed5ac00", "size": 57943, "path": "media/metadata/boxes2D/Bounding Box Debugger/Images_99_6e4873f3634eadee94e2.boxes2D.json"}}, {"predictions": {"_type": "boxes2D", "sha256": "fee622fc72bd0e995f134c2cb76cfb4ea6785d022134b12d324e7c0d2d361b45", "size": 57613, "path": "media/metadata/boxes2D/Bounding Box Debugger/Images_99_fee622fc72bd0e995f13.boxes2D.json"}}, {"predictions": {"_type": "boxes2D", "sha256": "7aa5c5671edde3086bf14391082b0c00da6cad75f5dc81622e1fee546017d3cf", "size": 57862, "path": "media/metadata/boxes2D/Bounding Box Debugger/Images_99_7aa5c5671edde3086bf1.boxes2D.json"}}, {"predictions": {"_type": "boxes2D", "sha256": "26abe827c2a2f6dc2d547f2c4b0aac8cdad7c21c296e39984c4fdddbd1052023", "size": 58311, "path": "media/metadata/boxes2D/Bounding Box Debugger/Images_99_26abe827c2a2f6dc2d54.boxes2D.json"}}, {"predictions": {"_type": "boxes2D", "sha256": "24cf8a97b347e0b114e4b187b4264c7fa2962af02d2a62b1f7b3ea0e7c8f2939", "size": 58304, "path": "media/metadata/boxes2D/Bounding Box Debugger/Images_99_24cf8a97b347e0b114e4.boxes2D.json"}}, {"predictions": {"_type": "boxes2D", "sha256": "f06669147d5519dea64f6a5361943781782f0c57106289f80f05c0316b65d32e", "size": 57329, "path": "media/metadata/boxes2D/Bounding Box Debugger/Images_99_f06669147d5519dea64f.boxes2D.json"}}, {"predictions": {"_type": "boxes2D", "sha256": "dac8edf1c5311cd0c549855b38f016dcb50a0759f483e563180728f9d3cb0996", "size": 58881, "path": "media/metadata/boxes2D/Bounding Box Debugger/Images_99_dac8edf1c5311cd0c549.boxes2D.json"}}, {"predictions": {"_type": "boxes2D", "sha256": "a349cef75f5621301d60e137c4475fd328762ca81ac8df1adb43d7de246ba0a9", "size": 43094, "path": "media/metadata/boxes2D/Bounding Box Debugger/Images_99_a349cef75f5621301d60.boxes2D.json"}}, {"predictions": {"_type": "boxes2D", "sha256": "a9d4a4e456ca787cd9ba84d096105821bb4235e91906ebd06ff4dbac066a60d3", "size": 58476, "path": "media/metadata/boxes2D/Bounding Box Debugger/Images_99_a9d4a4e456ca787cd9ba.boxes2D.json"}}, {"predictions": {"_type": "boxes2D", "sha256": "4e8dde7172b95ec0fcc025ef39f717205b706945aa693e43addbdce0e976903a", "size": 44006, "path": "media/metadata/boxes2D/Bounding Box Debugger/Images_99_4e8dde7172b95ec0fcc0.boxes2D.json"}}, {"predictions": {"_type": "boxes2D", "sha256": "9ac3880d7c627f07132c63c1728f60800538f34c69e539a152e1a553dcbf2b62", "size": 57424, "path": "media/metadata/boxes2D/Bounding Box Debugger/Images_99_9ac3880d7c627f07132c.boxes2D.json"}}]}, "Validation": {"_type": "images/separated", "width": 1280, "height": 1280, "format": "jpg", "count": 2, "filenames": ["media/images/Validation_99_4ac971df73951b76d8ca.jpg", "media/images/Validation_99_2dd9c2d93412e37cfcbb.jpg"], "captions": ["test_batch0_labels.jpg", "test_batch0_pred.jpg"]}, "Results": {"_type": "images/separated", "width": 2400, "height": 1200, "format": "png", "count": 6,