{"Mosaics": {"_type": "images/separated", "width": 1280, "height": 1280, "format": "jpg", "count": 10, "filenames": ["media/images/Mosaics_0_7498d4a5cb191ec80fdb.jpg", "media/images/Mosaics_0_30de13eb4453cbad9944.jpg", "media/images/Mosaics_0_4fbc28854c175fd65ab9.jpg", "media/images/Mosaics_0_887a27a1ec1aea402c2d.jpg", "media/images/Mosaics_0_872699de1e5f6a5cf639.jpg", "media/images/Mosaics_0_f99beae690e2ffccb91e.jpg", "media/images/Mosaics_0_ca3c6f294e10562b38fc.jpg", "media/images/Mosaics_0_041bd8c489e8c117ad18.jpg", "media/images/Mosaics_0_97047d2790dc422b9c59.jpg", "media/images/Mosaics_0_e843cf39cc6efc6e4f0e.jpg"], "captions": ["train_batch4.jpg", "train_batch0.jpg", "train_batch6.jpg", "train_batch8.jpg", "train_batch1.jpg", "train_batch5.jpg", "train_batch2.jpg", "train_batch7.jpg", "train_batch3.jpg", "train_batch9.jpg"]}, "train/box_loss": 0.038614656776189804, "train/obj_loss": 0.02192150428891182, "train/cls_loss": 0.003015769412741065, "metrics/precision": 0.440874723076959, "metrics/recall": 0.45211998041497975, "metrics/mAP_0.5": 0.39630422574172286, "metrics/mAP_0.5:0.95": 0.28572889426684994, "val/box_loss": 0.06981950253248215, "val/obj_loss": 0.044843774288892746, "val/cls_loss": 0.012985901907086372, "x/lr0": 0.0010088797220727775, "x/lr1": 0.0010088797220727775, "x/lr2": 0.0010088797220727775, "_timestamp": 1705006486.3911867, "_runtime": 703.1233637332916, "_step": 100, "Bounding Box Debugger/Images": {"_type": "images/separated", "width": 672, "height": 672, "format": "png", "count": 16, "filenames": ["media/images/Bounding Box Debugger/Images_99_c567089dab9936200530.png", "media/images/Bounding Box Debugger/Images_99_9cdff7e6c54b96619d11.png", "media/images/Bounding Box Debugger/Images_99_264d70a084987893d70a.png", "media/images/Bounding Box Debugger/Images_99_521afb184c53595018e6.png", "media/images/Bounding Box Debugger/Images_99_4758c29f4e599649ede9.png", "media/images/Bounding Box Debugger/Images_99_6e7d7b0f8251d515b8a6.png", "media/images/Bounding Box Debugger/Images_99_34f25a6df9636d47b75c.png", "media/images/Bounding Box Debugger/Images_99_3e651e776a2c2eda8511.png", "media/images/Bounding Box Debugger/Images_99_5866debd9518774bf277.png", "media/images/Bounding Box Debugger/Images_99_bc4256a390b622a5160c.png", "media/images/Bounding Box Debugger/Images_99_b8280aba7b856da1bd65.png", "media/images/Bounding Box Debugger/Images_99_8b2db3612b627b2e5104.png", "media/images/Bounding Box Debugger/Images_99_bacb6f69f62abe79c8ee.png", "media/images/Bounding Box Debugger/Images_99_78de161131fbee80d7d4.png", "media/images/Bounding Box Debugger/Images_99_465a0a8a1ab52ec5dcec.png", "media/images/Bounding Box Debugger/Images_99_58e9cdb54169814a5034.png"], "captions": ["A2303220017_JPG.rf.01213ae2ce0711e5248d8751dd04ccd6.jpg", "A2308110017_JPG.rf.54075341704df7d7eda3e16724881f36.jpg", "A2307310017_JPG.rf.8880ddb3e0853fe7b1c76daeb52d15bc.jpg", "A2307310010_JPG.rf.3bc52a61af7fa95128bf6290ff8add0d.jpg", "A2307280031_JPG.rf.64a3aacd07ebd72be1d287613e4406ec.jpg", "A2307280015_JPG.rf.4b2e8c1af341255c51d30a0c470bb95c.jpg", "A2307280012_JPG.rf.f8a3724abad37498943468c783b79cee.jpg", "A2307240022_JPG.rf.2c39fd7e4a71c53d022d536b7a0cd36f.jpg", "A2307240021_JPG.rf.c85fd45ab5ed00f427361dc03d663074.jpg", "A2307240019_JPG.rf.dbd03a83ddcff023c81c42e7254029e0.jpg", "A2307240013_JPG.rf.2627041db92d9984b06fa101c11746f6.jpg", "A2307240009_JPG.rf.513bbf63e29cff45ddd024753fa04298.jpg", "A2308220012_JPG.rf.7fdd6063cb37648c3beafdf7e1a84a99.jpg", "A2307170057_JPG.rf.c08a5e4e189798b4b8af3eb2c15f70fe.jpg", "A2307170019_JPG.rf.3db1a73b02c16d77b1a5f9fa96c0ab87.jpg", "A2307140006_JPG.rf.d87215ae2e0fca255087f4680fea609e.jpg"], "all_boxes": [{"predictions": {"_type": "boxes2D", "sha256": "adaf240ba9f396b34a9fa9d25b4f69b61d0affaa5cd87f64d1f12771d3ae7376", "size": 58124, "path": "media/metadata/boxes2D/Bounding Box Debugger/Images_99_adaf240ba9f396b34a9f.boxes2D.json"}}, {"predictions": {"_type": "boxes2D", "sha256": "53a13b006f01b4e13e0ee362c3848b1cf4db893e6a218f01bb2857827b121af8", "size": 58180, "path": "media/metadata/boxes2D/Bounding Box Debugger/Images_99_53a13b006f01b4e13e0e.boxes2D.json"}}, {"predictions": {"_type": "boxes2D", "sha256": "a32a239cf87781946029ba731352749ebd831ac83bfaaeaa111fc5ce29097eb6", "size": 58484, "path": "media/metadata/boxes2D/Bounding Box Debugger/Images_99_a32a239cf87781946029.boxes2D.json"}}, {"predictions": {"_type": "boxes2D", "sha256": "30861263f8cd77d418be4d37d0fbaf99a39b01cab570d9e6e08e896127e76939", "size": 58428, "path": "media/metadata/boxes2D/Bounding Box Debugger/Images_99_30861263f8cd77d418be.boxes2D.json"}}, {"predictions": {"_type": "boxes2D", "sha256": "01ea53506292cc708d95bfc2e4b3c33f0049a51ff6e685646a6385150f8f78cb", "size": 40519, "path": "media/metadata/boxes2D/Bounding Box Debugger/Images_99_01ea53506292cc708d95.boxes2D.json"}}, {"predictions": {"_type": "boxes2D", "sha256": "35ad3d63dcce7782c64be4bb5b5f4c8a98341ab9d7110c57856e7c7d61a995a8", "size": 57971, "path": "media/metadata/boxes2D/Bounding Box Debugger/Images_99_35ad3d63dcce7782c64b.boxes2D.json"}}, {"predictions": {"_type": "boxes2D", "sha256": "6ecbd96ac63e0bf825af5f369455b2cccbcaed597034e9aa054bd296fab9c831", "size": 57381, "path": "media/metadata/boxes2D/Bounding Box Debugger/Images_99_6ecbd96ac63e0bf825af.boxes2D.json"}}, {"predictions": {"_type": "boxes2D", "sha256": "e92ad927f317fd3e86bd92c4203fc1289486e8d503792ec874fbd559216e0d1a", "size": 57723, "path": "media/metadata/boxes2D/Bounding Box Debugger/Images_99_e92ad927f317fd3e86bd.boxes2D.json"}}, {"predictions": {"_type": "boxes2D", "sha256": "2887231e6ea7d243970dc55db7464999223f7d9c290f038c995b6b832246e73c", "size": 57584, "path": "media/metadata/boxes2D/Bounding Box Debugger/Images_99_2887231e6ea7d243970d.boxes2D.json"}}, {"predictions": {"_type": "boxes2D", "sha256": "6ac1b3614cfa18d37e805804ce518b4aef22614aeeb7ac72c612e9c3c700635a", "size": 58027, "path": "media/metadata/boxes2D/Bounding Box Debugger/Images_99_6ac1b3614cfa18d37e80.boxes2D.json"}}, {"predictions": {"_type": "boxes2D", "sha256": "f19cde086abe6bbeb6781e21ebb277c249d11922b7c05d2896dcb30f19e134e2", "size": 57226, "path": "media/metadata/boxes2D/Bounding Box Debugger/Images_99_f19cde086abe6bbeb678.boxes2D.json"}}, {"predictions": {"_type": "boxes2D", "sha256": "b74f3d99533cd46802e45271bebac94ef51bdf9e23a8c12387efb32bdeacf208", "size": 58590, "path": "media/metadata/boxes2D/Bounding Box Debugger/Images_99_b74f3d99533cd46802e4.boxes2D.json"}}, {"predictions": {"_type": "boxes2D", "sha256": "82bceb5d45de2cf7f3acae3534dafaf09d0dfa6252c745100603d3574483758d", "size": 58283, "path": "media/metadata/boxes2D/Bounding Box Debugger/Images_99_82bceb5d45de2cf7f3ac.boxes2D.json"}}, {"predictions": {"_type": "boxes2D", "sha256": "dea1bec929d92f48ac673dd9936cfbdc8eef776ccfe91548edc4f4188f4fc97a", "size": 58259, "path": "media/metadata/boxes2D/Bounding Box Debugger/Images_99_dea1bec929d92f48ac67.boxes2D.json"}}, {"predictions": {"_type": "boxes2D", "sha256": "472e98d28811720592b4364d80c6e355a7de53d18924f2aa632dc86b6c657dc9", "size": 56422, "path": "media/metadata/boxes2D/Bounding Box Debugger/Images_99_472e98d28811720592b4.boxes2D.json"}}, {"predictions": {"_type": "boxes2D", "sha256": "9b6b224b9b28acc7c74fda150c6db5fce0fcf10adaac86553638a26ca47a10ab", "size": 57367, "path": "media/metadata/boxes2D/Bounding Box Debugger/Images_99_9b6b224b9b28acc7c74f.boxes2D.json"}}]}, "Validation": {"_type": "images/separated", "width": 1280, "height": 1280, "format": "jpg", "count": 2, "filenames": ["media/images/Validation_99_4ac971df73951b76d8ca.jpg", "media/images/Validation_99_15aeb7a3c44f9b6dea64.jpg"], "captions": ["test_batch0_labels.jpg", "test_batch0_pred.jpg"]}, "Results": {"_type": "images/separated", "width": 2400, "height": 1200, "format": "png", "count": 6,